{"type": "FeatureCollection", "features": [{"type": "Feature", "properties": {"name": "Montevideo", "adm0_a3": "URY", "pop_max": 1513000}, "geometry": {"type": "Point", "coordinates": [-56.186823, -34.905376]}}, {"type": "Feature", "properties": {"name": "Rivera", "adm0_a3": "URY", "pop_max": 200000}, "geometry": {"type": "Point", "coordinates": [-55.560004, -30.899575]}}, {"type": "Feature", "properties": {"name": "Punta del Este", "adm0_a3": "URY", "pop_max": 159000}, "geometry": {"type": "Point", "coordinates": [-54.94999, -34.969973]}}, {"type": "Feature", "properties": {"name": "Salto", "adm0_a3": "URY", "pop_max": 105690}, "geometry": {"type": "Point", "coordinates": [-57.968694, -31.390346]}}, {"type": "Feature", "properties": {"name": "Paysand\u00fa", "adm0_a3": "URY", "pop_max": 79016}, "geometry": {"type": "Point", "coordinates": [-58.07998, -32.329979]}}, {"type": "Feature", "properties": {"name": "Melo", "adm0_a3": "URY", "pop_max": 55494}, "geometry": {"type": "Point", "coordinates": [-54.179985, -32.359486]}}, {"type": "Feature", "properties": {"name": "Maldonado", "adm0_a3": "URY", "pop_max": 55478}, "geometry": {"type": "Point", "coordinates": [-54.959989, -34.910028]}}, {"type": "Feature", "properties": {"name": "Tacuaremb\u00f3", "adm0_a3": "URY", "pop_max": 54277}, "geometry": {"type": "Point", "coordinates": [-55.980004, -31.709965]}}, {"type": "Feature", "properties": {"name": "Lom\u00e9", "adm0_a3": "TGO", "pop_max": 1452000}, "geometry": {"type": "Point", "coordinates": [1.220811, 6.133883]}}, {"type": "Feature", "properties": {"name": "Tunis", "adm0_a3": "TUN", "pop_max": 2412500}, "geometry": {"type": "Point", "coordinates": [10.179678, 36.802778]}}, {"type": "Feature", "properties": {"name": "Sfax", "adm0_a3": "TUN", "pop_max": 453050}, "geometry": {"type": "Point", "coordinates": [10.720007, 34.750035]}}, {"type": "Feature", "properties": {"name": "Sousse", "adm0_a3": "TUN", "pop_max": 327004}, "geometry": {"type": "Point", "coordinates": [10.625026, 35.829995]}}, {"type": "Feature", "properties": {"name": "Gab\u00e8s", "adm0_a3": "TUN", "pop_max": 219517}, "geometry": {"type": "Point", "coordinates": [10.099993, 33.900423]}}, {"type": "Feature", "properties": {"name": "Zarzis", "adm0_a3": "TUN", "pop_max": 159161}, "geometry": {"type": "Point", "coordinates": [11.099984, 33.510395]}}, {"type": "Feature", "properties": {"name": "Qairouan", "adm0_a3": "TUN", "pop_max": 144522}, "geometry": {"type": "Point", "coordinates": [10.099993, 35.680392]}}, {"type": "Feature", "properties": {"name": "Ho Chi Minh City", "adm0_a3": "VNM", "pop_max": 5314000}, "geometry": {"type": "Point", "coordinates": [106.702985, 10.762125]}}, {"type": "Feature", "properties": {"name": "Hanoi", "adm0_a3": "VNM", "pop_max": 4378000}, "geometry": {"type": "Point", "coordinates": [105.848068, 21.035273]}}, {"type": "Feature", "properties": {"name": "Haiphong", "adm0_a3": "VNM", "pop_max": 1969000}, "geometry": {"type": "Point", "coordinates": [106.678147, 20.831952]}}, {"type": "Feature", "properties": {"name": "Can Tho", "adm0_a3": "VNM", "pop_max": 1121000}, "geometry": {"type": "Point", "coordinates": [105.770019, 10.049993]}}, {"type": "Feature", "properties": {"name": "Da Nang", "adm0_a3": "VNM", "pop_max": 1000000}, "geometry": {"type": "Point", "coordinates": [108.249971, 16.060039]}}, {"type": "Feature", "properties": {"name": "Hue", "adm0_a3": "VNM", "pop_max": 950000}, "geometry": {"type": "Point", "coordinates": [107.580038, 16.469988]}}, {"type": "Feature", "properties": {"name": "Qui Nhon", "adm0_a3": "VNM", "pop_max": 805290}, "geometry": {"type": "Point", "coordinates": [109.180043, 13.779972]}}, {"type": "Feature", "properties": {"name": "Bi\u00ean H\u00f2a", "adm0_a3": "VNM", "pop_max": 652646}, "geometry": {"type": "Point", "coordinates": [106.830058, 10.970014]}}, {"type": "Feature", "properties": {"name": "Vinh", "adm0_a3": "VNM", "pop_max": 593645}, "geometry": {"type": "Point", "coordinates": [105.679999, 18.699981]}}, {"type": "Feature", "properties": {"name": "Th\u00e1i Nguy\u00ean", "adm0_a3": "VNM", "pop_max": 500000}, "geometry": {"type": "Point", "coordinates": [105.830015, 21.599959]}}, {"type": "Feature", "properties": {"name": "Nha Trang", "adm0_a3": "VNM", "pop_max": 411556}, "geometry": {"type": "Point", "coordinates": [109.170018, 12.250039]}}, {"type": "Feature", "properties": {"name": "C\u00e0 Mau", "adm0_a3": "VNM", "pop_max": 356636}, "geometry": {"type": "Point", "coordinates": [105.150005, 9.177358]}}, {"type": "Feature", "properties": {"name": "Vi\u1ec7t Tr\u00ec", "adm0_a3": "VNM", "pop_max": 350000}, "geometry": {"type": "Point", "coordinates": [105.429988, 21.330415]}}, {"type": "Feature", "properties": {"name": "Long Xuyen", "adm0_a3": "VNM", "pop_max": 350000}, "geometry": {"type": "Point", "coordinates": [105.420015, 10.380386]}}, {"type": "Feature", "properties": {"name": "Buon Me Thuot", "adm0_a3": "VNM", "pop_max": 349945}, "geometry": {"type": "Point", "coordinates": [108.049983, 12.667042]}}, {"type": "Feature", "properties": {"name": "Tegucigalpa", "adm0_a3": "HND", "pop_max": 946000}, "geometry": {"type": "Point", "coordinates": [-87.219475, 14.103991]}}, {"type": "Feature", "properties": {"name": "San Pedro Sula", "adm0_a3": "HND", "pop_max": 680091}, "geometry": {"type": "Point", "coordinates": [-88.029986, 15.500022]}}, {"type": "Feature", "properties": {"name": "La Ceiba", "adm0_a3": "HND", "pop_max": 145926}, "geometry": {"type": "Point", "coordinates": [-86.796987, 15.763106]}}, {"type": "Feature", "properties": {"name": "Choluteca", "adm0_a3": "HND", "pop_max": 99429}, "geometry": {"type": "Point", "coordinates": [-87.190813, 13.300673]}}, {"type": "Feature", "properties": {"name": "Port-au-Prince", "adm0_a3": "HTI", "pop_max": 1998000}, "geometry": {"type": "Point", "coordinates": [-72.33798, 18.54297]}}, {"type": "Feature", "properties": {"name": "Cap-Ha\u00eftien", "adm0_a3": "HTI", "pop_max": 281487}, "geometry": {"type": "Point", "coordinates": [-72.212516, 19.759222]}}, {"type": "Feature", "properties": {"name": "Istanbul", "adm0_a3": "TUR", "pop_max": 10061000}, "geometry": {"type": "Point", "coordinates": [28.974277, 41.017602]}}, {"type": "Feature", "properties": {"name": "Ankara", "adm0_a3": "TUR", "pop_max": 3716000}, "geometry": {"type": "Point", "coordinates": [32.862446, 39.929184]}}, {"type": "Feature", "properties": {"name": "\u0130zmir", "adm0_a3": "TUR", "pop_max": 2587000}, "geometry": {"type": "Point", "coordinates": [27.149848, 38.438096]}}, {"type": "Feature", "properties": {"name": "Bursa", "adm0_a3": "TUR", "pop_max": 1492000}, "geometry": {"type": "Point", "coordinates": [29.068052, 40.201933]}}, {"type": "Feature", "properties": {"name": "Adana", "adm0_a3": "TUR", "pop_max": 1293000}, "geometry": {"type": "Point", "coordinates": [35.318058, 36.996935]}}, {"type": "Feature", "properties": {"name": "Gaziantep", "adm0_a3": "TUR", "pop_max": 1044000}, "geometry": {"type": "Point", "coordinates": [37.383048, 37.07693]}}, {"type": "Feature", "properties": {"name": "Konya", "adm0_a3": "TUR", "pop_max": 919000}, "geometry": {"type": "Point", "coordinates": [32.473064, 37.876958]}}, {"type": "Feature", "properties": {"name": "Tarsus", "adm0_a3": "TUR", "pop_max": 894318}, "geometry": {"type": "Point", "coordinates": [34.879979, 36.920394]}}, {"type": "Feature", "properties": {"name": "Antalya", "adm0_a3": "TUR", "pop_max": 783000}, "geometry": {"type": "Point", "coordinates": [30.69803, 36.891928]}}, {"type": "Feature", "properties": {"name": "Trabzon", "adm0_a3": "TUR", "pop_max": 764714}, "geometry": {"type": "Point", "coordinates": [39.719994, 40.979991]}}, {"type": "Feature", "properties": {"name": "Diyarbak\u0131r", "adm0_a3": "TUR", "pop_max": 644763}, "geometry": {"type": "Point", "coordinates": [40.23004, 37.920436]}}, {"type": "Feature", "properties": {"name": "Icel", "adm0_a3": "TUR", "pop_max": 616990}, "geometry": {"type": "Point", "coordinates": [34.619995, 36.799988]}}, {"type": "Feature", "properties": {"name": "Samsun", "adm0_a3": "TUR", "pop_max": 609339}, "geometry": {"type": "Point", "coordinates": [36.343663, 41.279998]}}, {"type": "Feature", "properties": {"name": "Kayseri", "adm0_a3": "TUR", "pop_max": 592840}, "geometry": {"type": "Point", "coordinates": [35.49002, 38.73496]}}, {"type": "Feature", "properties": {"name": "Eski\u015fehir", "adm0_a3": "TUR", "pop_max": 514869}, "geometry": {"type": "Point", "coordinates": [30.529961, 39.794999]}}, {"type": "Feature", "properties": {"name": "\u0130zmit", "adm0_a3": "TUR", "pop_max": 466504}, "geometry": {"type": "Point", "coordinates": [29.930617, 40.776024]}}, {"type": "Feature", "properties": {"name": "Malatya", "adm0_a3": "TUR", "pop_max": 461574}, "geometry": {"type": "Point", "coordinates": [38.300029, 38.370434]}}, {"type": "Feature", "properties": {"name": "\u015eanl\u0131urfa", "adm0_a3": "TUR", "pop_max": 449549}, "geometry": {"type": "Point", "coordinates": [38.794986, 37.169991]}}, {"type": "Feature", "properties": {"name": "Erzurum", "adm0_a3": "TUR", "pop_max": 420691}, "geometry": {"type": "Point", "coordinates": [41.290027, 39.920392]}}, {"type": "Feature", "properties": {"name": "Kahramanmara\u015f", "adm0_a3": "TUR", "pop_max": 376045}, "geometry": {"type": "Point", "coordinates": [36.945021, 37.60999]}}, {"type": "Feature", "properties": {"name": "Kampala", "adm0_a3": "UGA", "pop_max": 1420000}, "geometry": {"type": "Point", "coordinates": [32.581378, 0.318605]}}, {"type": "Feature", "properties": {"name": "Mbale", "adm0_a3": "UGA", "pop_max": 402368}, "geometry": {"type": "Point", "coordinates": [34.169997, 1.09041]}}, {"type": "Feature", "properties": {"name": "Jinja", "adm0_a3": "UGA", "pop_max": 301619}, "geometry": {"type": "Point", "coordinates": [33.199927, 0.440424]}}, {"type": "Feature", "properties": {"name": "Arua", "adm0_a3": "UGA", "pop_max": 250000}, "geometry": {"type": "Point", "coordinates": [30.900015, 3.02037]}}, {"type": "Feature", "properties": {"name": "Entebbe", "adm0_a3": "UGA", "pop_max": 175128}, "geometry": {"type": "Point", "coordinates": [32.460024, 0.060395]}}, {"type": "Feature", "properties": {"name": "Tororo", "adm0_a3": "UGA", "pop_max": 150000}, "geometry": {"type": "Point", "coordinates": [34.169997, 0.710382]}}, {"type": "Feature", "properties": {"name": "Gulu", "adm0_a3": "UGA", "pop_max": 146858}, "geometry": {"type": "Point", "coordinates": [32.280034, 2.779997]}}, {"type": "Feature", "properties": {"name": "Lira", "adm0_a3": "UGA", "pop_max": 135445}, "geometry": {"type": "Point", "coordinates": [32.890023, 2.26039]}}, {"type": "Feature", "properties": {"name": "Mbarara", "adm0_a3": "UGA", "pop_max": 83700}, "geometry": {"type": "Point", "coordinates": [30.650005, -0.599616]}}, {"type": "Feature", "properties": {"name": "Bombo", "adm0_a3": "UGA", "pop_max": 75000}, "geometry": {"type": "Point", "coordinates": [32.533299, 0.583299]}}, {"type": "Feature", "properties": {"name": "Budapest", "adm0_a3": "HUN", "pop_max": 1679000}, "geometry": {"type": "Point", "coordinates": [19.081375, 47.501952]}}, {"type": "Feature", "properties": {"name": "Miskolc", "adm0_a3": "HUN", "pop_max": 247757}, "geometry": {"type": "Point", "coordinates": [20.780013, 48.100409]}}, {"type": "Feature", "properties": {"name": "Debrecen", "adm0_a3": "HUN", "pop_max": 231286}, "geometry": {"type": "Point", "coordinates": [21.630039, 47.53047]}}, {"type": "Feature", "properties": {"name": "Szeged", "adm0_a3": "HUN", "pop_max": 187765}, "geometry": {"type": "Point", "coordinates": [20.150026, 46.250393]}}, {"type": "Feature", "properties": {"name": "P\u00e9cs", "adm0_a3": "HUN", "pop_max": 186262}, "geometry": {"type": "Point", "coordinates": [18.220014, 46.080429]}}, {"type": "Feature", "properties": {"name": "Kigali", "adm0_a3": "RWA", "pop_max": 860000}, "geometry": {"type": "Point", "coordinates": [30.058586, -1.951644]}}, {"type": "Feature", "properties": {"name": "Nyanza", "adm0_a3": "RWA", "pop_max": 225209}, "geometry": {"type": "Point", "coordinates": [29.740035, -2.349587]}}, {"type": "Feature", "properties": {"name": "Bucharest", "adm0_a3": "ROU", "pop_max": 1942000}, "geometry": {"type": "Point", "coordinates": [26.098001, 44.435318]}}, {"type": "Feature", "properties": {"name": "Ia\u0219i", "adm0_a3": "ROU", "pop_max": 325914}, "geometry": {"type": "Point", "coordinates": [27.574947, 47.168347]}}, {"type": "Feature", "properties": {"name": "Cluj-Napoca", "adm0_a3": "ROU", "pop_max": 316748}, "geometry": {"type": "Point", "coordinates": [23.598446, 46.788422]}}, {"type": "Feature", "properties": {"name": "Timi\u0219oara", "adm0_a3": "ROU", "pop_max": 315053}, "geometry": {"type": "Point", "coordinates": [21.223448, 45.758821]}}, {"type": "Feature", "properties": {"name": "Gala\u021bi", "adm0_a3": "ROU", "pop_max": 311156}, "geometry": {"type": "Point", "coordinates": [28.045874, 45.455893]}}, {"type": "Feature", "properties": {"name": "Bra\u0219ov", "adm0_a3": "ROU", "pop_max": 311044}, "geometry": {"type": "Point", "coordinates": [25.60716, 45.647535]}}, {"type": "Feature", "properties": {"name": "Craiova", "adm0_a3": "ROU", "pop_max": 304142}, "geometry": {"type": "Point", "coordinates": [23.825874, 44.326272]}}, {"type": "Feature", "properties": {"name": "Constan\u021ba", "adm0_a3": "ROU", "pop_max": 303399}, "geometry": {"type": "Point", "coordinates": [28.609974, 44.202662]}}, {"type": "Feature", "properties": {"name": "Ploie\u0219ti", "adm0_a3": "ROU", "pop_max": 232542}, "geometry": {"type": "Point", "coordinates": [26.036488, 44.946906]}}, {"type": "Feature", "properties": {"name": "Oradea", "adm0_a3": "ROU", "pop_max": 213830}, "geometry": {"type": "Point", "coordinates": [21.919995, 47.049982]}}, {"type": "Feature", "properties": {"name": "Aleppo", "adm0_a3": "SYR", "pop_max": 2738000}, "geometry": {"type": "Point", "coordinates": [37.168074, 36.231917]}}, {"type": "Feature", "properties": {"name": "Damascus", "adm0_a3": "SYR", "pop_max": 2466000}, "geometry": {"type": "Point", "coordinates": [36.29805, 33.50198]}}, {"type": "Feature", "properties": {"name": "Homs", "adm0_a3": "SYR", "pop_max": 1005000}, "geometry": {"type": "Point", "coordinates": [36.718076, 34.731905]}}, {"type": "Feature", "properties": {"name": "Latakia", "adm0_a3": "SYR", "pop_max": 539147}, "geometry": {"type": "Point", "coordinates": [35.779976, 35.539987]}}, {"type": "Feature", "properties": {"name": "Douma", "adm0_a3": "SYR", "pop_max": 496145}, "geometry": {"type": "Point", "coordinates": [36.39999, 33.583336]}}, {"type": "Feature", "properties": {"name": "Geneva", "adm0_a3": "CHE", "pop_max": 1240000}, "geometry": {"type": "Point", "coordinates": [6.140028, 46.210008]}}, {"type": "Feature", "properties": {"name": "Z\u00fcrich", "adm0_a3": "CHE", "pop_max": 1108000}, "geometry": {"type": "Point", "coordinates": [8.548064, 47.381934]}}, {"type": "Feature", "properties": {"name": "Basel", "adm0_a3": "CHE", "pop_max": 830000}, "geometry": {"type": "Point", "coordinates": [7.590017, 47.580389]}}, {"type": "Feature", "properties": {"name": "Bern", "adm0_a3": "CHE", "pop_max": 275329}, "geometry": {"type": "Point", "coordinates": [7.466976, 46.916683]}}, {"type": "Feature", "properties": {"name": "Lausanne", "adm0_a3": "CHE", "pop_max": 265702}, "geometry": {"type": "Point", "coordinates": [6.650023, 46.530427]}}, {"type": "Feature", "properties": {"name": "Luzern", "adm0_a3": "CHE", "pop_max": 250000}, "geometry": {"type": "Point", "coordinates": [8.280001, 47.050421]}}, {"type": "Feature", "properties": {"name": "Lugano", "adm0_a3": "CHE", "pop_max": 105388}, "geometry": {"type": "Point", "coordinates": [8.966677, 46.000382]}}, {"type": "Feature", "properties": {"name": "Stockholm", "adm0_a3": "SWE", "pop_max": 1264000}, "geometry": {"type": "Point", "coordinates": [18.0663, 59.324127]}}, {"type": "Feature", "properties": {"name": "G\u00f6teborg", "adm0_a3": "SWE", "pop_max": 537797}, "geometry": {"type": "Point", "coordinates": [11.97863, 57.709147]}}, {"type": "Feature", "properties": {"name": "Malm\u00f6", "adm0_a3": "SWE", "pop_max": 269349}, "geometry": {"type": "Point", "coordinates": [13.02306, 55.599424]}}, {"type": "Feature", "properties": {"name": "Uppsala", "adm0_a3": "SWE", "pop_max": 133117}, "geometry": {"type": "Point", "coordinates": [17.639998, 59.860053]}}, {"type": "Feature", "properties": {"name": "V\u00e4ster\u00e5s", "adm0_a3": "SWE", "pop_max": 107194}, "geometry": {"type": "Point", "coordinates": [16.55768, 59.609084]}}, {"type": "Feature", "properties": {"name": "\u00d6rebro", "adm0_a3": "SWE", "pop_max": 98573}, "geometry": {"type": "Point", "coordinates": [15.219991, 59.280347]}}, {"type": "Feature", "properties": {"name": "Link\u00f6ping", "adm0_a3": "SWE", "pop_max": 96732}, "geometry": {"type": "Point", "coordinates": [15.62994, 58.410012]}}, {"type": "Feature", "properties": {"name": "Helsingborg", "adm0_a3": "SWE", "pop_max": 91304}, "geometry": {"type": "Point", "coordinates": [12.72327, 56.041291]}}, {"type": "Feature", "properties": {"name": "Kathmandu", "adm0_a3": "NPL", "pop_max": 895000}, "geometry": {"type": "Point", "coordinates": [85.314696, 27.718638]}}, {"type": "Feature", "properties": {"name": "Lalitpur", "adm0_a3": "NPL", "pop_max": 337785}, "geometry": {"type": "Point", "coordinates": [85.333334, 27.666618]}}, {"type": "Feature", "properties": {"name": "Hetauda", "adm0_a3": "NPL", "pop_max": 232334}, "geometry": {"type": "Point", "coordinates": [85.033352, 27.416684]}}, {"type": "Feature", "properties": {"name": "Pokhara", "adm0_a3": "NPL", "pop_max": 200000}, "geometry": {"type": "Point", "coordinates": [84.00558, 28.204201]}}, {"type": "Feature", "properties": {"name": "Bangkok", "adm0_a3": "THA", "pop_max": 6704000}, "geometry": {"type": "Point", "coordinates": [100.514699, 13.751945]}}, {"type": "Feature", "properties": {"name": "Chiang Mai", "adm0_a3": "THA", "pop_max": 397211}, "geometry": {"type": "Point", "coordinates": [98.980046, 18.799975]}}, {"type": "Feature", "properties": {"name": "Samut Prakan", "adm0_a3": "THA", "pop_max": 388920}, "geometry": {"type": "Point", "coordinates": [100.611471, 13.606907]}}, {"type": "Feature", "properties": {"name": "Nakhon Ratchasima", "adm0_a3": "THA", "pop_max": 334984}, "geometry": {"type": "Point", "coordinates": [102.10001, 15.000026]}}, {"type": "Feature", "properties": {"name": "Hat Yai", "adm0_a3": "THA", "pop_max": 317954}, "geometry": {"type": "Point", "coordinates": [100.471428, 6.996432]}}, {"type": "Feature", "properties": {"name": "Ubon Ratchathani", "adm0_a3": "THA", "pop_max": 273893}, "geometry": {"type": "Point", "coordinates": [104.830025, 15.249959]}}, {"type": "Feature", "properties": {"name": "Nonthaburi", "adm0_a3": "THA", "pop_max": 258550}, "geometry": {"type": "Point", "coordinates": [100.483313, 13.833689]}}, {"type": "Feature", "properties": {"name": "Khon Kaen", "adm0_a3": "THA", "pop_max": 251056}, "geometry": {"type": "Point", "coordinates": [102.830044, 16.420043]}}, {"type": "Feature", "properties": {"name": "Udon Thani", "adm0_a3": "THA", "pop_max": 247231}, "geometry": {"type": "Point", "coordinates": [102.789322, 17.404763]}}, {"type": "Feature", "properties": {"name": "Nakhon Si Thammarat", "adm0_a3": "THA", "pop_max": 232335}, "geometry": {"type": "Point", "coordinates": [99.970011, 8.39999]}}, {"type": "Feature", "properties": {"name": "Chon Buri", "adm0_a3": "THA", "pop_max": 226618}, "geometry": {"type": "Point", "coordinates": [100.999974, 13.400408]}}, {"type": "Feature", "properties": {"name": "Lampang", "adm0_a3": "THA", "pop_max": 204081}, "geometry": {"type": "Point", "coordinates": [99.481256, 18.291557]}}, {"type": "Feature", "properties": {"name": "Si Racha", "adm0_a3": "THA", "pop_max": 178916}, "geometry": {"type": "Point", "coordinates": [100.928661, 13.159028]}}, {"type": "Feature", "properties": {"name": "Phitsanulok", "adm0_a3": "THA", "pop_max": 164017}, "geometry": {"type": "Point", "coordinates": [100.272887, 16.828313]}}, {"type": "Feature", "properties": {"name": "Surat Thani", "adm0_a3": "THA", "pop_max": 157627}, "geometry": {"type": "Point", "coordinates": [99.340127, 9.150099]}}, {"type": "Feature", "properties": {"name": "Pathum Thani", "adm0_a3": "THA", "pop_max": 154412}, "geometry": {"type": "Point", "coordinates": [100.533336, 14.017115]}}, {"type": "Feature", "properties": {"name": "Pattani", "adm0_a3": "THA", "pop_max": 150000}, "geometry": {"type": "Point", "coordinates": [101.250001, 6.864003]}}, {"type": "Feature", "properties": {"name": "Yala", "adm0_a3": "THA", "pop_max": 148140}, "geometry": {"type": "Point", "coordinates": [101.285073, 6.55049]}}, {"type": "Feature", "properties": {"name": "Trang", "adm0_a3": "THA", "pop_max": 147820}, "geometry": {"type": "Point", "coordinates": [99.608018, 7.5634]}}, {"type": "Feature", "properties": {"name": "Manzini", "adm0_a3": "SWZ", "pop_max": 110537}, "geometry": {"type": "Point", "coordinates": [31.388005, -26.495001]}}, {"type": "Feature", "properties": {"name": "Managua", "adm0_a3": "NIC", "pop_max": 920000}, "geometry": {"type": "Point", "coordinates": [-86.270437, 12.154962]}}, {"type": "Feature", "properties": {"name": "Le\u00f3n", "adm0_a3": "NIC", "pop_max": 164441}, "geometry": {"type": "Point", "coordinates": [-86.879436, 12.435557]}}, {"type": "Feature", "properties": {"name": "Chinandega", "adm0_a3": "NIC", "pop_max": 139023}, "geometry": {"type": "Point", "coordinates": [-87.130041, 12.630378]}}, {"type": "Feature", "properties": {"name": "Masaya", "adm0_a3": "NIC", "pop_max": 130113}, "geometry": {"type": "Point", "coordinates": [-86.094999, 11.969001]}}, {"type": "Feature", "properties": {"name": "Lisbon", "adm0_a3": "PRT", "pop_max": 2812000}, "geometry": {"type": "Point", "coordinates": [-9.146812, 38.724669]}}, {"type": "Feature", "properties": {"name": "Porto", "adm0_a3": "PRT", "pop_max": 1337000}, "geometry": {"type": "Point", "coordinates": [-8.621947, 41.151952]}}, {"type": "Feature", "properties": {"name": "Braga", "adm0_a3": "PRT", "pop_max": 826833}, "geometry": {"type": "Point", "coordinates": [-8.421331, 41.554994]}}, {"type": "Feature", "properties": {"name": "Funchal", "adm0_a3": "PRT", "pop_max": 204767}, "geometry": {"type": "Point", "coordinates": [-16.88004, 32.649983]}}, {"type": "Feature", "properties": {"name": "Set\u00fabal", "adm0_a3": "PRT", "pop_max": 117974}, "geometry": {"type": "Point", "coordinates": [-8.90001, 38.529959]}}, {"type": "Feature", "properties": {"name": "Coimbra", "adm0_a3": "PRT", "pop_max": 106582}, "geometry": {"type": "Point", "coordinates": [-8.41668, 40.200374]}}, {"type": "Feature", "properties": {"name": "Madrid", "adm0_a3": "ESP", "pop_max": 5567000}, "geometry": {"type": "Point", "coordinates": [-3.685297, 40.401972]}}, {"type": "Feature", "properties": {"name": "Barcelona", "adm0_a3": "ESP", "pop_max": 4920000}, "geometry": {"type": "Point", "coordinates": [2.181424, 41.385245]}}, {"type": "Feature", "properties": {"name": "Seville", "adm0_a3": "ESP", "pop_max": 1212045}, "geometry": {"type": "Point", "coordinates": [-5.980007, 37.405015]}}, {"type": "Feature", "properties": {"name": "Bilbao", "adm0_a3": "ESP", "pop_max": 875552}, "geometry": {"type": "Point", "coordinates": [-2.929987, 43.249981]}}, {"type": "Feature", "properties": {"name": "Valencia", "adm0_a3": "ESP", "pop_max": 808000}, "geometry": {"type": "Point", "coordinates": [-0.401958, 39.486963]}}, {"type": "Feature", "properties": {"name": "Zaragoza", "adm0_a3": "ESP", "pop_max": 649404}, "geometry": {"type": "Point", "coordinates": [-0.889982, 41.650002]}}, {"type": "Feature", "properties": {"name": "M\u00e1laga", "adm0_a3": "ESP", "pop_max": 550058}, "geometry": {"type": "Point", "coordinates": [-4.419999, 36.720406]}}, {"type": "Feature", "properties": {"name": "Murcia", "adm0_a3": "ESP", "pop_max": 406807}, "geometry": {"type": "Point", "coordinates": [-1.129968, 37.979993]}}, {"type": "Feature", "properties": {"name": "Granada\u200e", "adm0_a3": "ESP", "pop_max": 388290}, "geometry": {"type": "Point", "coordinates": [-3.585011, 37.164978]}}, {"type": "Feature", "properties": {"name": "Vigo", "adm0_a3": "ESP", "pop_max": 378952}, "geometry": {"type": "Point", "coordinates": [-8.729995, 42.220019]}}, {"type": "Feature", "properties": {"name": "Las Palmas", "adm0_a3": "ESP", "pop_max": 378495}, "geometry": {"type": "Point", "coordinates": [-15.429999, 28.099976]}}, {"type": "Feature", "properties": {"name": "Palma", "adm0_a3": "ESP", "pop_max": 375773}, "geometry": {"type": "Point", "coordinates": [2.654246, 39.574263]}}, {"type": "Feature", "properties": {"name": "Dakar", "adm0_a3": "SEN", "pop_max": 2604000}, "geometry": {"type": "Point", "coordinates": [-17.475076, 14.717778]}}, {"type": "Feature", "properties": {"name": "Thi\u00e8s", "adm0_a3": "SEN", "pop_max": 293001}, "geometry": {"type": "Point", "coordinates": [-16.930011, 14.8104]}}, {"type": "Feature", "properties": {"name": "Riyadh", "adm0_a3": "SAU", "pop_max": 4465000}, "geometry": {"type": "Point", "coordinates": [46.720487, 24.634497]}}, {"type": "Feature", "properties": {"name": "Jeddah", "adm0_a3": "SAU", "pop_max": 3012000}, "geometry": {"type": "Point", "coordinates": [39.217252, 21.518835]}}, {"type": "Feature", "properties": {"name": "Dammam", "adm0_a3": "SAU", "pop_max": 2054710}, "geometry": {"type": "Point", "coordinates": [50.097724, 26.430138]}}, {"type": "Feature", "properties": {"name": "Makkah", "adm0_a3": "SAU", "pop_max": 1385000}, "geometry": {"type": "Point", "coordinates": [39.818094, 21.431967]}}, {"type": "Feature", "properties": {"name": "Medina", "adm0_a3": "SAU", "pop_max": 1010000}, "geometry": {"type": "Point", "coordinates": [39.578057, 24.501935]}}, {"type": "Feature", "properties": {"name": "At Taif", "adm0_a3": "SAU", "pop_max": 657282}, "geometry": {"type": "Point", "coordinates": [40.382279, 21.262228]}}, {"type": "Feature", "properties": {"name": "Hofuf", "adm0_a3": "SAU", "pop_max": 637389}, "geometry": {"type": "Point", "coordinates": [49.585593, 25.348749]}}, {"type": "Feature", "properties": {"name": "The Hague", "adm0_a3": "NLD", "pop_max": 1406000}, "geometry": {"type": "Point", "coordinates": [4.269961, 52.080037]}}, {"type": "Feature", "properties": {"name": "Amsterdam", "adm0_a3": "NLD", "pop_max": 1031000}, "geometry": {"type": "Point", "coordinates": [4.914694, 52.351914]}}, {"type": "Feature", "properties": {"name": "Rotterdam", "adm0_a3": "NLD", "pop_max": 1005000}, "geometry": {"type": "Point", "coordinates": [4.478028, 51.921915]}}, {"type": "Feature", "properties": {"name": "Oslo", "adm0_a3": "NOR", "pop_max": 835000}, "geometry": {"type": "Point", "coordinates": [10.748033, 59.918636]}}, {"type": "Feature", "properties": {"name": "Bergen", "adm0_a3": "NOR", "pop_max": 213585}, "geometry": {"type": "Point", "coordinates": [5.324522, 60.391002]}}, {"type": "Feature", "properties": {"name": "Stavanger", "adm0_a3": "NOR", "pop_max": 173132}, "geometry": {"type": "Point", "coordinates": [5.680004, 58.970004]}}, {"type": "Feature", "properties": {"name": "Trondheim", "adm0_a3": "NOR", "pop_max": 147139}, "geometry": {"type": "Point", "coordinates": [10.416666, 63.416657]}}, {"type": "Feature", "properties": {"name": "B\u00e6rum", "adm0_a3": "NOR", "pop_max": 113659}, "geometry": {"type": "Point", "coordinates": [11.347236, 59.913486]}}, {"type": "Feature", "properties": {"name": "Drammen", "adm0_a3": "NOR", "pop_max": 90722}, "geometry": {"type": "Point", "coordinates": [10.199232, 59.738481]}}, {"type": "Feature", "properties": {"name": "Skien", "adm0_a3": "NOR", "pop_max": 73330}, "geometry": {"type": "Point", "coordinates": [9.600024, 59.19999]}}, {"type": "Feature", "properties": {"name": "Kristiansand", "adm0_a3": "NOR", "pop_max": 63814}, "geometry": {"type": "Point", "coordinates": [7.974984, 58.14562]}}, {"type": "Feature", "properties": {"name": "Port Moresby", "adm0_a3": "PNG", "pop_max": 283733}, "geometry": {"type": "Point", "coordinates": [147.192504, -9.464708]}}, {"type": "Feature", "properties": {"name": "Lae", "adm0_a3": "PNG", "pop_max": 131052}, "geometry": {"type": "Point", "coordinates": [146.990035, -6.732988]}}, {"type": "Feature", "properties": {"name": "Madang", "adm0_a3": "PNG", "pop_max": 62023}, "geometry": {"type": "Point", "coordinates": [145.785251, -5.224812]}}, {"type": "Feature", "properties": {"name": "Mt.  Hagen", "adm0_a3": "PNG", "pop_max": 59064}, "geometry": {"type": "Point", "coordinates": [144.21682, -5.863222]}}, {"type": "Feature", "properties": {"name": "Arawa", "adm0_a3": "PNG", "pop_max": 40266}, "geometry": {"type": "Point", "coordinates": [155.565991, -6.228]}}, {"type": "Feature", "properties": {"name": "Chi\u0219in\u0103u", "adm0_a3": "MDA", "pop_max": 688134}, "geometry": {"type": "Point", "coordinates": [28.857711, 47.005024]}}, {"type": "Feature", "properties": {"name": "Johannesburg", "adm0_a3": "ZAF", "pop_max": 3435000}, "geometry": {"type": "Point", "coordinates": [28.028064, -26.168099]}}, {"type": "Feature", "properties": {"name": "Cape Town", "adm0_a3": "ZAF", "pop_max": 3215000}, "geometry": {"type": "Point", "coordinates": [18.433042, -33.918065]}}, {"type": "Feature", "properties": {"name": "Benoni", "adm0_a3": "ZAF", "pop_max": 2986000}, "geometry": {"type": "Point", "coordinates": [28.327994, -26.147635]}}, {"type": "Feature", "properties": {"name": "Durban", "adm0_a3": "ZAF", "pop_max": 2729000}, "geometry": {"type": "Point", "coordinates": [31.010944, -29.860662]}}, {"type": "Feature", "properties": {"name": "Pretoria", "adm0_a3": "ZAF", "pop_max": 1338000}, "geometry": {"type": "Point", "coordinates": [28.227483, -25.704975]}}, {"type": "Feature", "properties": {"name": "Vereeniging", "adm0_a3": "ZAF", "pop_max": 1074000}, "geometry": {"type": "Point", "coordinates": [27.958042, -26.647656]}}, {"type": "Feature", "properties": {"name": "Port Elizabeth", "adm0_a3": "ZAF", "pop_max": 1021000}, "geometry": {"type": "Point", "coordinates": [25.598083, -33.968088]}}, {"type": "Feature", "properties": {"name": "Pietermaritzburg", "adm0_a3": "ZAF", "pop_max": 750845}, "geometry": {"type": "Point", "coordinates": [30.390021, -29.610042]}}, {"type": "Feature", "properties": {"name": "Bloemfontein", "adm0_a3": "ZAF", "pop_max": 463064}, "geometry": {"type": "Point", "coordinates": [26.229913, -29.119994]}}, {"type": "Feature", "properties": {"name": "Welkom", "adm0_a3": "ZAF", "pop_max": 431944}, "geometry": {"type": "Point", "coordinates": [26.729986, -27.969987]}}, {"type": "Feature", "properties": {"name": "Mbombela", "adm0_a3": "ZAF", "pop_max": 348138}, "geometry": {"type": "Point", "coordinates": [30.98001, -25.469622]}}, {"type": "Feature", "properties": {"name": "East London", "adm0_a3": "ZAF", "pop_max": 338627}, "geometry": {"type": "Point", "coordinates": [27.87002, -32.970043]}}, {"type": "Feature", "properties": {"name": "Thohoyandou", "adm0_a3": "ZAF", "pop_max": 269707}, "geometry": {"type": "Point", "coordinates": [30.480041, -22.950035]}}, {"type": "Feature", "properties": {"name": "Springs", "adm0_a3": "ZAF", "pop_max": 236083}, "geometry": {"type": "Point", "coordinates": [28.430037, -26.269573]}}, {"type": "Feature", "properties": {"name": "Uitenhage", "adm0_a3": "ZAF", "pop_max": 228912}, "geometry": {"type": "Point", "coordinates": [25.390016, -33.759607]}}, {"type": "Feature", "properties": {"name": "Polokwane", "adm0_a3": "ZAF", "pop_max": 220045}, "geometry": {"type": "Point", "coordinates": [29.450026, -23.890029]}}, {"type": "Feature", "properties": {"name": "Paarl", "adm0_a3": "ZAF", "pop_max": 187865}, "geometry": {"type": "Point", "coordinates": [18.960021, -33.699559]}}, {"type": "Feature", "properties": {"name": "Klerksdorp", "adm0_a3": "ZAF", "pop_max": 178921}, "geometry": {"type": "Point", "coordinates": [26.620018, -26.880027]}}, {"type": "Feature", "properties": {"name": "Mogadishu", "adm0_a3": "SOM", "pop_max": 1100000}, "geometry": {"type": "Point", "coordinates": [45.364732, 2.068627]}}, {"type": "Feature", "properties": {"name": "Kismaayo", "adm0_a3": "SOM", "pop_max": 234852}, "geometry": {"type": "Point", "coordinates": [42.518324, -0.356633]}}, {"type": "Feature", "properties": {"name": "Jamaame", "adm0_a3": "SOM", "pop_max": 185270}, "geometry": {"type": "Point", "coordinates": [42.750558, 0.072178]}}, {"type": "Feature", "properties": {"name": "Baydhabo", "adm0_a3": "SOM", "pop_max": 129839}, "geometry": {"type": "Point", "coordinates": [43.649986, 3.119976]}}, {"type": "Feature", "properties": {"name": "Jawhar", "adm0_a3": "SOM", "pop_max": 111308}, "geometry": {"type": "Point", "coordinates": [45.516591, 2.767]}}, {"type": "Feature", "properties": {"name": "Beledweyne", "adm0_a3": "SOM", "pop_max": 62945}, "geometry": {"type": "Point", "coordinates": [45.200021, 4.739981]}}, {"type": "Feature", "properties": {"name": "Jaffna", "adm0_a3": "LKA", "pop_max": 250000}, "geometry": {"type": "Point", "coordinates": [80.005028, 9.675002]}}, {"type": "Feature", "properties": {"name": "Colombo", "adm0_a3": "LKA", "pop_max": 217000}, "geometry": {"type": "Point", "coordinates": [79.857751, 6.931966]}}, {"type": "Feature", "properties": {"name": "Moratuwa", "adm0_a3": "LKA", "pop_max": 200000}, "geometry": {"type": "Point", "coordinates": [79.880023, 6.780399]}}, {"type": "Feature", "properties": {"name": "Lagos", "adm0_a3": "NGA", "pop_max": 9466000}, "geometry": {"type": "Point", "coordinates": [3.389585, 6.445208]}}, {"type": "Feature", "properties": {"name": "Kano", "adm0_a3": "NGA", "pop_max": 3140000}, "geometry": {"type": "Point", "coordinates": [8.518092, 12.001923]}}, {"type": "Feature", "properties": {"name": "Ibadan", "adm0_a3": "NGA", "pop_max": 2628000}, "geometry": {"type": "Point", "coordinates": [3.928036, 7.381972]}}, {"type": "Feature", "properties": {"name": "Abuja", "adm0_a3": "NGA", "pop_max": 1576000}, "geometry": {"type": "Point", "coordinates": [7.489505, 9.05462]}}, {"type": "Feature", "properties": {"name": "Kaduna", "adm0_a3": "NGA", "pop_max": 1442000}, "geometry": {"type": "Point", "coordinates": [7.438054, 10.521961]}}, {"type": "Feature", "properties": {"name": "Benin City", "adm0_a3": "NGA", "pop_max": 1190000}, "geometry": {"type": "Point", "coordinates": [5.618062, 6.342423]}}, {"type": "Feature", "properties": {"name": "Ikare", "adm0_a3": "NGA", "pop_max": 1099931}, "geometry": {"type": "Point", "coordinates": [5.76, 7.53043]}}, {"type": "Feature", "properties": {"name": "Port Harcourt", "adm0_a3": "NGA", "pop_max": 1020000}, "geometry": {"type": "Point", "coordinates": [7.008055, 4.811948]}}, {"type": "Feature", "properties": {"name": "Ogbomosho", "adm0_a3": "NGA", "pop_max": 951000}, "geometry": {"type": "Point", "coordinates": [4.238043, 8.131952]}}, {"type": "Feature", "properties": {"name": "Aba", "adm0_a3": "NGA", "pop_max": 897560}, "geometry": {"type": "Point", "coordinates": [7.34998, 5.100398]}}, {"type": "Feature", "properties": {"name": "Maiduguri", "adm0_a3": "NGA", "pop_max": 896000}, "geometry": {"type": "Point", "coordinates": [13.158067, 11.851906]}}, {"type": "Feature", "properties": {"name": "Zaria", "adm0_a3": "NGA", "pop_max": 889000}, "geometry": {"type": "Point", "coordinates": [7.708064, 11.081927]}}, {"type": "Feature", "properties": {"name": "Warri", "adm0_a3": "NGA", "pop_max": 830106}, "geometry": {"type": "Point", "coordinates": [5.76, 5.519959]}}, {"type": "Feature", "properties": {"name": "Jos", "adm0_a3": "NGA", "pop_max": 816824}, "geometry": {"type": "Point", "coordinates": [8.890041, 9.929974]}}, {"type": "Feature", "properties": {"name": "Ilorin", "adm0_a3": "NGA", "pop_max": 771000}, "geometry": {"type": "Point", "coordinates": [4.54805, 8.491956]}}, {"type": "Feature", "properties": {"name": "Oyo", "adm0_a3": "NGA", "pop_max": 736072}, "geometry": {"type": "Point", "coordinates": [3.929982, 7.850437]}}, {"type": "Feature", "properties": {"name": "Sokoto", "adm0_a3": "NGA", "pop_max": 732178}, "geometry": {"type": "Point", "coordinates": [5.240031, 13.060016]}}, {"type": "Feature", "properties": {"name": "Pyongyang", "adm0_a3": "PRK", "pop_max": 3300000}, "geometry": {"type": "Point", "coordinates": [125.752745, 39.021385]}}, {"type": "Feature", "properties": {"name": "Nampo", "adm0_a3": "PRK", "pop_max": 1127000}, "geometry": {"type": "Point", "coordinates": [125.450488, 38.768867]}}, {"type": "Feature", "properties": {"name": "Hamhung", "adm0_a3": "PRK", "pop_max": 773000}, "geometry": {"type": "Point", "coordinates": [127.543488, 39.912002]}}, {"type": "Feature", "properties": {"name": "Chongjin", "adm0_a3": "PRK", "pop_max": 672614}, "geometry": {"type": "Point", "coordinates": [129.79, 41.784619]}}, {"type": "Feature", "properties": {"name": "Sunchon", "adm0_a3": "PRK", "pop_max": 400629}, "geometry": {"type": "Point", "coordinates": [125.938969, 39.4236]}}, {"type": "Feature", "properties": {"name": "Kaesong", "adm0_a3": "PRK", "pop_max": 338155}, "geometry": {"type": "Point", "coordinates": [126.564409, 37.963999]}}, {"type": "Feature", "properties": {"name": "Ulaanbaatar", "adm0_a3": "MNG", "pop_max": 885000}, "geometry": {"type": "Point", "coordinates": [106.91467, 47.918619]}}, {"type": "Feature", "properties": {"name": "Erdenet", "adm0_a3": "MNG", "pop_max": 79647}, "geometry": {"type": "Point", "coordinates": [104.118337, 49.053297]}}, {"type": "Feature", "properties": {"name": "Darkhan", "adm0_a3": "MNG", "pop_max": 74738}, "geometry": {"type": "Point", "coordinates": [105.972544, 49.462392]}}, {"type": "Feature", "properties": {"name": "Ulaangom", "adm0_a3": "MNG", "pop_max": 35796}, "geometry": {"type": "Point", "coordinates": [92.066618, 49.983317]}}, {"type": "Feature", "properties": {"name": "Olgiy", "adm0_a3": "MNG", "pop_max": 34934}, "geometry": {"type": "Point", "coordinates": [89.950003, 48.933691]}}, {"type": "Feature", "properties": {"name": "Choibalsan", "adm0_a3": "MNG", "pop_max": 33376}, "geometry": {"type": "Point", "coordinates": [114.506023, 48.066587]}}, {"type": "Feature", "properties": {"name": "Windhoek", "adm0_a3": "NAM", "pop_max": 268132}, "geometry": {"type": "Point", "coordinates": [17.083546, -22.570006]}}, {"type": "Feature", "properties": {"name": "Rundu", "adm0_a3": "NAM", "pop_max": 58172}, "geometry": {"type": "Point", "coordinates": [19.749947, -17.920006]}}, {"type": "Feature", "properties": {"name": "Walvis Bay", "adm0_a3": "NAM", "pop_max": 52058}, "geometry": {"type": "Point", "coordinates": [14.505306, -22.957528]}}, {"type": "Feature", "properties": {"name": "Swakopmund", "adm0_a3": "NAM", "pop_max": 29491}, "geometry": {"type": "Point", "coordinates": [14.53502, -22.668863]}}, {"type": "Feature", "properties": {"name": "Rehoboth", "adm0_a3": "NAM", "pop_max": 25219}, "geometry": {"type": "Point", "coordinates": [17.080032, -23.319573]}}, {"type": "Feature", "properties": {"name": "Ongwediva", "adm0_a3": "NAM", "pop_max": 25032}, "geometry": {"type": "Point", "coordinates": [15.770034, -17.780014]}}, {"type": "Feature", "properties": {"name": "Dar es Salaam", "adm0_a3": "TZA", "pop_max": 2930000}, "geometry": {"type": "Point", "coordinates": [39.266396, -6.798067]}}, {"type": "Feature", "properties": {"name": "Moshi", "adm0_a3": "TZA", "pop_max": 721018}, "geometry": {"type": "Point", "coordinates": [37.339984, -3.339604]}}, {"type": "Feature", "properties": {"name": "Mwanza", "adm0_a3": "TZA", "pop_max": 493944}, "geometry": {"type": "Point", "coordinates": [32.930021, -2.520015]}}, {"type": "Feature", "properties": {"name": "Zanzibar", "adm0_a3": "TZA", "pop_max": 403658}, "geometry": {"type": "Point", "coordinates": [39.200026, -6.16]}}, {"type": "Feature", "properties": {"name": "Arusha", "adm0_a3": "TZA", "pop_max": 341136}, "geometry": {"type": "Point", "coordinates": [36.669999, -3.360016]}}, {"type": "Feature", "properties": {"name": "Mbeya", "adm0_a3": "TZA", "pop_max": 291649}, "geometry": {"type": "Point", "coordinates": [33.430042, -8.890014]}}, {"type": "Feature", "properties": {"name": "Morogoro", "adm0_a3": "TZA", "pop_max": 250902}, "geometry": {"type": "Point", "coordinates": [37.660016, -6.820011]}}, {"type": "Feature", "properties": {"name": "Tanga", "adm0_a3": "TZA", "pop_max": 224876}, "geometry": {"type": "Point", "coordinates": [39.090007, -5.070041]}}, {"type": "Feature", "properties": {"name": "Dodoma", "adm0_a3": "TZA", "pop_max": 218269}, "geometry": {"type": "Point", "coordinates": [35.750004, -6.183306]}}, {"type": "Feature", "properties": {"name": "Kigoma", "adm0_a3": "TZA", "pop_max": 164268}, "geometry": {"type": "Point", "coordinates": [29.610017, -4.879613]}}, {"type": "Feature", "properties": {"name": "Tabora", "adm0_a3": "TZA", "pop_max": 146495}, "geometry": {"type": "Point", "coordinates": [32.800003, -5.020018]}}, {"type": "Feature", "properties": {"name": "Musoma", "adm0_a3": "TZA", "pop_max": 133156}, "geometry": {"type": "Point", "coordinates": [33.799993, -1.489587]}}, {"type": "Feature", "properties": {"name": "Tukuyu", "adm0_a3": "TZA", "pop_max": 127570}, "geometry": {"type": "Point", "coordinates": [33.640003, -9.249579]}}, {"type": "Feature", "properties": {"name": "Songea", "adm0_a3": "TZA", "pop_max": 126449}, "geometry": {"type": "Point", "coordinates": [35.65001, -10.680034]}}, {"type": "Feature", "properties": {"name": "Dublin", "adm0_a3": "IRL", "pop_max": 1059000}, "geometry": {"type": "Point", "coordinates": [-6.25698, 53.346731]}}, {"type": "Feature", "properties": {"name": "Cork", "adm0_a3": "IRL", "pop_max": 188907}, "geometry": {"type": "Point", "coordinates": [-8.46511, 51.892838]}}, {"type": "Feature", "properties": {"name": "Limerick", "adm0_a3": "IRL", "pop_max": 90054}, "geometry": {"type": "Point", "coordinates": [-8.62305, 52.664704]}}, {"type": "Feature", "properties": {"name": "Bissau", "adm0_a3": "GNB", "pop_max": 403339}, "geometry": {"type": "Point", "coordinates": [-15.598361, 11.865024]}}, {"type": "Feature", "properties": {"name": "Bafat\u00e1", "adm0_a3": "GNB", "pop_max": 29704}, "geometry": {"type": "Point", "coordinates": [-14.666015, 12.166995]}}, {"type": "Feature", "properties": {"name": "Monrovia", "adm0_a3": "LBR", "pop_max": 1041000}, "geometry": {"type": "Point", "coordinates": [-10.79966, 6.314582]}}, {"type": "Feature", "properties": {"name": "Buchanan", "adm0_a3": "LBR", "pop_max": 48315}, "geometry": {"type": "Point", "coordinates": [-10.052472, 5.916085]}}, {"type": "Feature", "properties": {"name": "Gbarnga", "adm0_a3": "LBR", "pop_max": 45835}, "geometry": {"type": "Point", "coordinates": [-9.49, 7.010411]}}, {"type": "Feature", "properties": {"name": "Rome", "adm0_a3": "ITA", "pop_max": 3339000}, "geometry": {"type": "Point", "coordinates": [12.481313, 41.897902]}}, {"type": "Feature", "properties": {"name": "Milan", "adm0_a3": "ITA", "pop_max": 2945000}, "geometry": {"type": "Point", "coordinates": [9.203063, 45.471921]}}, {"type": "Feature", "properties": {"name": "Naples", "adm0_a3": "ITA", "pop_max": 2250000}, "geometry": {"type": "Point", "coordinates": [14.243066, 40.841971]}}, {"type": "Feature", "properties": {"name": "Turin", "adm0_a3": "ITA", "pop_max": 1652000}, "geometry": {"type": "Point", "coordinates": [7.668015, 45.072333]}}, {"type": "Feature", "properties": {"name": "Florence", "adm0_a3": "ITA", "pop_max": 1500000}, "geometry": {"type": "Point", "coordinates": [11.25, 43.780001]}}, {"type": "Feature", "properties": {"name": "Salerno", "adm0_a3": "ITA", "pop_max": 954265}, "geometry": {"type": "Point", "coordinates": [14.769941, 40.680397]}}, {"type": "Feature", "properties": {"name": "Palermo", "adm0_a3": "ITA", "pop_max": 863000}, "geometry": {"type": "Point", "coordinates": [13.348081, 38.126969]}}, {"type": "Feature", "properties": {"name": "Catania", "adm0_a3": "ITA", "pop_max": 674542}, "geometry": {"type": "Point", "coordinates": [15.079999, 37.499971]}}, {"type": "Feature", "properties": {"name": "Genoa", "adm0_a3": "ITA", "pop_max": 647497}, "geometry": {"type": "Point", "coordinates": [8.930039, 44.409988]}}, {"type": "Feature", "properties": {"name": "Bari", "adm0_a3": "ITA", "pop_max": 500577}, "geometry": {"type": "Point", "coordinates": [16.872758, 41.11422]}}, {"type": "Feature", "properties": {"name": "Bologna", "adm0_a3": "ITA", "pop_max": 488172}, "geometry": {"type": "Point", "coordinates": [11.340021, 44.500422]}}, {"type": "Feature", "properties": {"name": "Verona", "adm0_a3": "ITA", "pop_max": 347459}, "geometry": {"type": "Point", "coordinates": [10.990016, 45.44039]}}, {"type": "Feature", "properties": {"name": "Pescara", "adm0_a3": "ITA", "pop_max": 314789}, "geometry": {"type": "Point", "coordinates": [14.218656, 42.45543]}}, {"type": "Feature", "properties": {"name": "Cagliari", "adm0_a3": "ITA", "pop_max": 291511}, "geometry": {"type": "Point", "coordinates": [9.103981, 39.222398]}}, {"type": "Feature", "properties": {"name": "Amman", "adm0_a3": "JOR", "pop_max": 1060000}, "geometry": {"type": "Point", "coordinates": [35.931354, 31.951971]}}, {"type": "Feature", "properties": {"name": "Az Zarqa", "adm0_a3": "JOR", "pop_max": 894691}, "geometry": {"type": "Point", "coordinates": [36.100008, 32.069992]}}, {"type": "Feature", "properties": {"name": "Luxembourg", "adm0_a3": "LUX", "pop_max": 107260}, "geometry": {"type": "Point", "coordinates": [6.130003, 49.61166]}}, {"type": "Feature", "properties": {"name": "George Town", "adm0_a3": "MYS", "pop_max": 2500000}, "geometry": {"type": "Point", "coordinates": [100.329368, 5.413613]}}, {"type": "Feature", "properties": {"name": "Kuala Lumpur", "adm0_a3": "MYS", "pop_max": 1448000}, "geometry": {"type": "Point", "coordinates": [101.688699, 3.139797]}}, {"type": "Feature", "properties": {"name": "Kelang", "adm0_a3": "MYS", "pop_max": 956000}, "geometry": {"type": "Point", "coordinates": [101.447059, 3.043281]}}, {"type": "Feature", "properties": {"name": "Johor Bahru", "adm0_a3": "MYS", "pop_max": 875000}, "geometry": {"type": "Point", "coordinates": [103.728094, 1.481971]}}, {"type": "Feature", "properties": {"name": "Butterworth", "adm0_a3": "MYS", "pop_max": 821652}, "geometry": {"type": "Point", "coordinates": [100.400011, 5.417071]}}, {"type": "Feature", "properties": {"name": "Malacca", "adm0_a3": "MYS", "pop_max": 788706}, "geometry": {"type": "Point", "coordinates": [102.246461, 2.206414]}}, {"type": "Feature", "properties": {"name": "Ipoh", "adm0_a3": "MYS", "pop_max": 673318}, "geometry": {"type": "Point", "coordinates": [101.064983, 4.599989]}}, {"type": "Feature", "properties": {"name": "Kuching", "adm0_a3": "MYS", "pop_max": 570407}, "geometry": {"type": "Point", "coordinates": [110.329999, 1.52997]}}, {"type": "Feature", "properties": {"name": "Nairobi", "adm0_a3": "KEN", "pop_max": 3010000}, "geometry": {"type": "Point", "coordinates": [36.814711, -1.281401]}}, {"type": "Feature", "properties": {"name": "Mombasa", "adm0_a3": "KEN", "pop_max": 882000}, "geometry": {"type": "Point", "coordinates": [39.687972, -4.03808]}}, {"type": "Feature", "properties": {"name": "Kisumu", "adm0_a3": "KEN", "pop_max": 395615}, "geometry": {"type": "Point", "coordinates": [34.750013, -0.090035]}}, {"type": "Feature", "properties": {"name": "Nakuru", "adm0_a3": "KEN", "pop_max": 364727}, "geometry": {"type": "Point", "coordinates": [36.069984, -0.279997]}}, {"type": "Feature", "properties": {"name": "Eldoret", "adm0_a3": "KEN", "pop_max": 353381}, "geometry": {"type": "Point", "coordinates": [35.269981, 0.520006]}}, {"type": "Feature", "properties": {"name": "Kitale", "adm0_a3": "KEN", "pop_max": 150495}, "geometry": {"type": "Point", "coordinates": [34.989947, 1.030466]}}, {"type": "Feature", "properties": {"name": "Machakos", "adm0_a3": "KEN", "pop_max": 144925}, "geometry": {"type": "Point", "coordinates": [37.259989, -1.509535]}}, {"type": "Feature", "properties": {"name": "Thika", "adm0_a3": "KEN", "pop_max": 99322}, "geometry": {"type": "Point", "coordinates": [37.090025, -1.039589]}}, {"type": "Feature", "properties": {"name": "Kericho", "adm0_a3": "KEN", "pop_max": 98852}, "geometry": {"type": "Point", "coordinates": [35.280006, -0.359579]}}, {"type": "Feature", "properties": {"name": "Maseru", "adm0_a3": "LSO", "pop_max": 361324}, "geometry": {"type": "Point", "coordinates": [27.483273, -29.316674]}}, {"type": "Feature", "properties": {"name": "Mafetang", "adm0_a3": "LSO", "pop_max": 57059}, "geometry": {"type": "Point", "coordinates": [27.250006, -29.816644]}}, {"type": "Feature", "properties": {"name": "San Salvador", "adm0_a3": "SLV", "pop_max": 1433000}, "geometry": {"type": "Point", "coordinates": [-89.215576, 13.70328]}}, {"type": "Feature", "properties": {"name": "Santa Ana", "adm0_a3": "SLV", "pop_max": 234478}, "geometry": {"type": "Point", "coordinates": [-89.559764, 13.99461]}}, {"type": "Feature", "properties": {"name": "San Miguel", "adm0_a3": "SLV", "pop_max": 201563}, "geometry": {"type": "Point", "coordinates": [-88.183336, 13.483349]}}, {"type": "Feature", "properties": {"name": "Kingston", "adm0_a3": "JAM", "pop_max": 937700}, "geometry": {"type": "Point", "coordinates": [-76.767434, 17.977077]}}, {"type": "Feature", "properties": {"name": "Spanish Town", "adm0_a3": "JAM", "pop_max": 432704}, "geometry": {"type": "Point", "coordinates": [-76.949991, 17.983332]}}, {"type": "Feature", "properties": {"name": "May Pen", "adm0_a3": "JAM", "pop_max": 135142}, "geometry": {"type": "Point", "coordinates": [-77.233281, 17.966615]}}, {"type": "Feature", "properties": {"name": "Santo Domingo", "adm0_a3": "DOM", "pop_max": 2154000}, "geometry": {"type": "Point", "coordinates": [-69.929742, 18.470745]}}, {"type": "Feature", "properties": {"name": "Santiago", "adm0_a3": "DOM", "pop_max": 1550753}, "geometry": {"type": "Point", "coordinates": [-70.670012, 19.50001]}}, {"type": "Feature", "properties": {"name": "San Pedro de Macor\u00eds", "adm0_a3": "DOM", "pop_max": 217899}, "geometry": {"type": "Point", "coordinates": [-69.299967, 18.450358]}}, {"type": "Feature", "properties": {"name": "La Romana", "adm0_a3": "DOM", "pop_max": 208437}, "geometry": {"type": "Point", "coordinates": [-68.966602, 18.417001]}}, {"type": "Feature", "properties": {"name": "La Vega", "adm0_a3": "DOM", "pop_max": 163197}, "geometry": {"type": "Point", "coordinates": [-70.516585, 19.216591]}}, {"type": "Feature", "properties": {"name": "San Crist\u00f3bal", "adm0_a3": "DOM", "pop_max": 154040}, "geometry": {"type": "Point", "coordinates": [-70.109, 18.415998]}}, {"type": "Feature", "properties": {"name": "San Francisco de Macor\u00eds", "adm0_a3": "DOM", "pop_max": 152538}, "geometry": {"type": "Point", "coordinates": [-70.250012, 19.299996]}}, {"type": "Feature", "properties": {"name": "Bata", "adm0_a3": "GNQ", "pop_max": 173046}, "geometry": {"type": "Point", "coordinates": [9.769987, 1.870001]}}, {"type": "Feature", "properties": {"name": "Zagreb", "adm0_a3": "HRV", "pop_max": 722526}, "geometry": {"type": "Point", "coordinates": [15.999995, 45.800007]}}, {"type": "Feature", "properties": {"name": "Split", "adm0_a3": "HRV", "pop_max": 214741}, "geometry": {"type": "Point", "coordinates": [16.469992, 43.520404]}}, {"type": "Feature", "properties": {"name": "Cairo", "adm0_a3": "EGY", "pop_max": 11893000}, "geometry": {"type": "Point", "coordinates": [31.248022, 30.051906]}}, {"type": "Feature", "properties": {"name": "Alexandria", "adm0_a3": "EGY", "pop_max": 4165000}, "geometry": {"type": "Point", "coordinates": [29.94805, 31.201965]}}, {"type": "Feature", "properties": {"name": "Giza", "adm0_a3": "EGY", "pop_max": 2681863}, "geometry": {"type": "Point", "coordinates": [31.190024, 30.009989]}}, {"type": "Feature", "properties": {"name": "Isma\u00eflia", "adm0_a3": "EGY", "pop_max": 656135}, "geometry": {"type": "Point", "coordinates": [32.259984, 30.590341]}}, {"type": "Feature", "properties": {"name": "Bur Said", "adm0_a3": "EGY", "pop_max": 623864}, "geometry": {"type": "Point", "coordinates": [32.290008, 31.25999]}}, {"type": "Feature", "properties": {"name": "Luxor", "adm0_a3": "EGY", "pop_max": 609248}, "geometry": {"type": "Point", "coordinates": [32.650038, 25.700019]}}, {"type": "Feature", "properties": {"name": "El Mansura", "adm0_a3": "EGY", "pop_max": 600000}, "geometry": {"type": "Point", "coordinates": [31.380038, 31.050442]}}, {"type": "Feature", "properties": {"name": "Sohag", "adm0_a3": "EGY", "pop_max": 600000}, "geometry": {"type": "Point", "coordinates": [31.700018, 26.550407]}}, {"type": "Feature", "properties": {"name": "Suez", "adm0_a3": "EGY", "pop_max": 508335}, "geometry": {"type": "Point", "coordinates": [32.549941, 30.004976]}}, {"type": "Feature", "properties": {"name": "Damanh\u00fbr", "adm0_a3": "EGY", "pop_max": 500000}, "geometry": {"type": "Point", "coordinates": [30.470016, 31.050442]}}, {"type": "Feature", "properties": {"name": "Djibouti", "adm0_a3": "DJI", "pop_max": 923000}, "geometry": {"type": "Point", "coordinates": [43.148002, 11.595014]}}, {"type": "Feature", "properties": {"name": "Tallinn", "adm0_a3": "EST", "pop_max": 394024}, "geometry": {"type": "Point", "coordinates": [24.728041, 59.433877]}}, {"type": "Feature", "properties": {"name": "Kuwait City", "adm0_a3": "KWT", "pop_max": 2063000}, "geometry": {"type": "Point", "coordinates": [47.976355, 29.371664]}}, {"type": "Feature", "properties": {"name": "Kinshasa", "adm0_a3": "COD", "pop_max": 7843000}, "geometry": {"type": "Point", "coordinates": [15.313026, -4.327778]}}, {"type": "Feature", "properties": {"name": "Lubumbashi", "adm0_a3": "COD", "pop_max": 1352000}, "geometry": {"type": "Point", "coordinates": [27.478072, -11.678079]}}, {"type": "Feature", "properties": {"name": "Mbuji-Mayi", "adm0_a3": "COD", "pop_max": 1295000}, "geometry": {"type": "Point", "coordinates": [23.59805, -6.148081]}}, {"type": "Feature", "properties": {"name": "Kananga", "adm0_a3": "COD", "pop_max": 765000}, "geometry": {"type": "Point", "coordinates": [22.398072, -5.888096]}}, {"type": "Feature", "properties": {"name": "Kikwit", "adm0_a3": "COD", "pop_max": 637736}, "geometry": {"type": "Point", "coordinates": [18.850002, -5.030043]}}, {"type": "Feature", "properties": {"name": "Kisangani", "adm0_a3": "COD", "pop_max": 578470}, "geometry": {"type": "Point", "coordinates": [25.22, 0.520006]}}, {"type": "Feature", "properties": {"name": "Bukavu", "adm0_a3": "COD", "pop_max": 436779}, "geometry": {"type": "Point", "coordinates": [28.840038, -2.50999]}}, {"type": "Feature", "properties": {"name": "Likasi", "adm0_a3": "COD", "pop_max": 434408}, "geometry": {"type": "Point", "coordinates": [26.780009, -10.970042]}}, {"type": "Feature", "properties": {"name": "Kolwezi", "adm0_a3": "COD", "pop_max": 418000}, "geometry": {"type": "Point", "coordinates": [25.47244, -10.716724]}}, {"type": "Feature", "properties": {"name": "Beni", "adm0_a3": "COD", "pop_max": 332903}, "geometry": {"type": "Point", "coordinates": [29.450026, 0.490447]}}, {"type": "Feature", "properties": {"name": "Butembo", "adm0_a3": "COD", "pop_max": 286403}, "geometry": {"type": "Point", "coordinates": [29.280011, 0.130004]}}, {"type": "Feature", "properties": {"name": "Mbandaka", "adm0_a3": "COD", "pop_max": 274996}, "geometry": {"type": "Point", "coordinates": [18.260012, 0.040035]}}, {"type": "Feature", "properties": {"name": "Tshikapa", "adm0_a3": "COD", "pop_max": 267462}, "geometry": {"type": "Point", "coordinates": [20.770039, -6.409959]}}, {"type": "Feature", "properties": {"name": "Kindu", "adm0_a3": "COD", "pop_max": 262914}, "geometry": {"type": "Point", "coordinates": [25.909984, -2.963916]}}, {"type": "Feature", "properties": {"name": "Matadi", "adm0_a3": "COD", "pop_max": 245862}, "geometry": {"type": "Point", "coordinates": [13.450021, -5.81661]}}, {"type": "Feature", "properties": {"name": "Kalemie", "adm0_a3": "COD", "pop_max": 206257}, "geometry": {"type": "Point", "coordinates": [29.200016, -5.933295]}}, {"type": "Feature", "properties": {"name": "Gemena", "adm0_a3": "COD", "pop_max": 198056}, "geometry": {"type": "Point", "coordinates": [19.769997, 3.260019]}}, {"type": "Feature", "properties": {"name": "Mbanza-Ngungu", "adm0_a3": "COD", "pop_max": 197545}, "geometry": {"type": "Point", "coordinates": [14.860013, -5.249616]}}, {"type": "Feature", "properties": {"name": "Mwene-Ditu", "adm0_a3": "COD", "pop_max": 189177}, "geometry": {"type": "Point", "coordinates": [23.440006, -7]}}, {"type": "Feature", "properties": {"name": "Boma", "adm0_a3": "COD", "pop_max": 178638}, "geometry": {"type": "Point", "coordinates": [13.049994, -5.829994]}}, {"type": "Feature", "properties": {"name": "Uvira", "adm0_a3": "COD", "pop_max": 170391}, "geometry": {"type": "Point", "coordinates": [29.14002, -3.369989]}}, {"type": "Feature", "properties": {"name": "Bumba", "adm0_a3": "COD", "pop_max": 160539}, "geometry": {"type": "Point", "coordinates": [22.459962, 2.189981]}}, {"type": "Feature", "properties": {"name": "Lilongwe", "adm0_a3": "MWI", "pop_max": 646750}, "geometry": {"type": "Point", "coordinates": [33.783302, -13.983295]}}, {"type": "Feature", "properties": {"name": "Blantyre", "adm0_a3": "MWI", "pop_max": 584877}, "geometry": {"type": "Point", "coordinates": [34.989947, -15.790007]}}, {"type": "Feature", "properties": {"name": "Mzuzu", "adm0_a3": "MWI", "pop_max": 110201}, "geometry": {"type": "Point", "coordinates": [34.01998, -11.459987]}}, {"type": "Feature", "properties": {"name": "Mangochi", "adm0_a3": "MWI", "pop_max": 97711}, "geometry": {"type": "Point", "coordinates": [35.269981, -14.459597]}}, {"type": "Feature", "properties": {"name": "Zomba", "adm0_a3": "MWI", "pop_max": 80932}, "geometry": {"type": "Point", "coordinates": [35.310031, -15.390031]}}, {"type": "Feature", "properties": {"name": "Guatemala City", "adm0_a3": "GTM", "pop_max": 1024000}, "geometry": {"type": "Point", "coordinates": [-90.528911, 14.623081]}}, {"type": "Feature", "properties": {"name": "Quetzaltenango", "adm0_a3": "GTM", "pop_max": 575263}, "geometry": {"type": "Point", "coordinates": [-91.520006, 14.829959]}}, {"type": "Feature", "properties": {"name": "El Progreso", "adm0_a3": "GTM", "pop_max": 147197}, "geometry": {"type": "Point", "coordinates": [-90.016208, 14.922294]}}, {"type": "Feature", "properties": {"name": "San Luis", "adm0_a3": "GTM", "pop_max": 132470}, "geometry": {"type": "Point", "coordinates": [-89.440004, 16.200005]}}, {"type": "Feature", "properties": {"name": "Escuintla", "adm0_a3": "GTM", "pop_max": 107638}, "geometry": {"type": "Point", "coordinates": [-90.779999, 14.300405]}}, {"type": "Feature", "properties": {"name": "Huehuetenango", "adm0_a3": "GTM", "pop_max": 85992}, "geometry": {"type": "Point", "coordinates": [-91.469983, 15.320394]}}, {"type": "Feature", "properties": {"name": "Brikama", "adm0_a3": "GMB", "pop_max": 195136}, "geometry": {"type": "Point", "coordinates": [-16.65995, 13.280364]}}, {"type": "Feature", "properties": {"name": "Accra", "adm0_a3": "GHA", "pop_max": 2121000}, "geometry": {"type": "Point", "coordinates": [-0.218662, 5.55198]}}, {"type": "Feature", "properties": {"name": "Kumasi", "adm0_a3": "GHA", "pop_max": 1646000}, "geometry": {"type": "Point", "coordinates": [-1.63196, 6.691937]}}, {"type": "Feature", "properties": {"name": "Tamale", "adm0_a3": "GHA", "pop_max": 360579}, "geometry": {"type": "Point", "coordinates": [-0.839985, 9.40042]}}, {"type": "Feature", "properties": {"name": "Sekondi", "adm0_a3": "GHA", "pop_max": 286248}, "geometry": {"type": "Point", "coordinates": [-1.704015, 4.943276]}}, {"type": "Feature", "properties": {"name": "Libreville", "adm0_a3": "GAB", "pop_max": 578156}, "geometry": {"type": "Point", "coordinates": [9.457965, 0.385389]}}, {"type": "Feature", "properties": {"name": "Port-Gentil", "adm0_a3": "GAB", "pop_max": 116836}, "geometry": {"type": "Point", "coordinates": [8.780022, -0.720022]}}, {"type": "Feature", "properties": {"name": "Oyem", "adm0_a3": "GAB", "pop_max": 43423}, "geometry": {"type": "Point", "coordinates": [11.583313, 1.616631]}}, {"type": "Feature", "properties": {"name": "Franceville", "adm0_a3": "GAB", "pop_max": 42967}, "geometry": {"type": "Point", "coordinates": [13.583295, -1.633299]}}, {"type": "Feature", "properties": {"name": "Moanda", "adm0_a3": "GAB", "pop_max": 30151}, "geometry": {"type": "Point", "coordinates": [13.20001, -1.5655]}}, {"type": "Feature", "properties": {"name": "Brazzaville", "adm0_a3": "COG", "pop_max": 1355000}, "geometry": {"type": "Point", "coordinates": [15.282744, -4.25724]}}, {"type": "Feature", "properties": {"name": "Pointe-Noire", "adm0_a3": "COG", "pop_max": 659084}, "geometry": {"type": "Point", "coordinates": [11.880039, -4.770007]}}, {"type": "Feature", "properties": {"name": "Loubomo", "adm0_a3": "COG", "pop_max": 103894}, "geometry": {"type": "Point", "coordinates": [12.670017, -4.179604]}}, {"type": "Feature", "properties": {"name": "Kayes", "adm0_a3": "COG", "pop_max": 62521}, "geometry": {"type": "Point", "coordinates": [13.280006, -4.180017]}}, {"type": "Feature", "properties": {"name": "Athens", "adm0_a3": "GRC", "pop_max": 3242000}, "geometry": {"type": "Point", "coordinates": [23.731375, 37.985272]}}, {"type": "Feature", "properties": {"name": "Thessaloniki", "adm0_a3": "GRC", "pop_max": 828000}, "geometry": {"type": "Point", "coordinates": [22.883055, 40.698052]}}, {"type": "Feature", "properties": {"name": "Piraeus", "adm0_a3": "GRC", "pop_max": 466065}, "geometry": {"type": "Point", "coordinates": [23.69999, 37.950021]}}, {"type": "Feature", "properties": {"name": "Patra", "adm0_a3": "GRC", "pop_max": 163360}, "geometry": {"type": "Point", "coordinates": [21.729981, 38.230004]}}, {"type": "Feature", "properties": {"name": "Iraklio", "adm0_a3": "GRC", "pop_max": 137154}, "geometry": {"type": "Point", "coordinates": [25.130497, 35.325013]}}, {"type": "Feature", "properties": {"name": "Larissa", "adm0_a3": "GRC", "pop_max": 128758}, "geometry": {"type": "Point", "coordinates": [22.420016, 39.630409]}}, {"type": "Feature", "properties": {"name": "Volos", "adm0_a3": "GRC", "pop_max": 110632}, "geometry": {"type": "Point", "coordinates": [22.95001, 39.36996]}}, {"type": "Feature", "properties": {"name": "Beirut", "adm0_a3": "LBN", "pop_max": 1846000}, "geometry": {"type": "Point", "coordinates": [35.507762, 33.873921]}}, {"type": "Feature", "properties": {"name": "Tel Aviv", "adm0_a3": "ISR", "pop_max": 3112000}, "geometry": {"type": "Point", "coordinates": [34.768066, 32.081937]}}, {"type": "Feature", "properties": {"name": "Mariehamn", "adm0_a3": "ALD", "pop_max": 10682}, "geometry": {"type": "Point", "coordinates": [19.949005, 60.096996]}}, {"type": "Feature", "properties": {"name": "Helsinki", "adm0_a3": "FIN", "pop_max": 1115000}, "geometry": {"type": "Point", "coordinates": [24.932457, 60.163804]}}, {"type": "Feature", "properties": {"name": "Tampere", "adm0_a3": "FIN", "pop_max": 259279}, "geometry": {"type": "Point", "coordinates": [23.750013, 61.500005]}}, {"type": "Feature", "properties": {"name": "Turku", "adm0_a3": "FIN", "pop_max": 175945}, "geometry": {"type": "Point", "coordinates": [22.254962, 60.453867]}}, {"type": "Feature", "properties": {"name": "Oulu", "adm0_a3": "FIN", "pop_max": 136752}, "geometry": {"type": "Point", "coordinates": [25.470011, 64.999998]}}, {"type": "Feature", "properties": {"name": "Lahti", "adm0_a3": "FIN", "pop_max": 98826}, "geometry": {"type": "Point", "coordinates": [25.664934, 60.99386]}}, {"type": "Feature", "properties": {"name": "Vientiane", "adm0_a3": "LAO", "pop_max": 754000}, "geometry": {"type": "Point", "coordinates": [102.59998, 17.966693]}}, {"type": "Feature", "properties": {"name": "Louangphrabang", "adm0_a3": "LAO", "pop_max": 107142}, "geometry": {"type": "Point", "coordinates": [102.14161, 19.884534]}}, {"type": "Feature", "properties": {"name": "Pakxe", "adm0_a3": "LAO", "pop_max": 102775}, "geometry": {"type": "Point", "coordinates": [105.818337, 15.12206]}}, {"type": "Feature", "properties": {"name": "K\u00f8benhavn", "adm0_a3": "DNK", "pop_max": 1085000}, "geometry": {"type": "Point", "coordinates": [12.56154, 55.68051]}}, {"type": "Feature", "properties": {"name": "\u00c5rhus", "adm0_a3": "DNK", "pop_max": 237551}, "geometry": {"type": "Point", "coordinates": [10.210684, 56.157204]}}, {"type": "Feature", "properties": {"name": "Odense", "adm0_a3": "DNK", "pop_max": 158222}, "geometry": {"type": "Point", "coordinates": [10.383335, 55.400377]}}, {"type": "Feature", "properties": {"name": "Conakry", "adm0_a3": "GIN", "pop_max": 1494000}, "geometry": {"type": "Point", "coordinates": [-13.682181, 9.533469]}}, {"type": "Feature", "properties": {"name": "Gueckedou", "adm0_a3": "GIN", "pop_max": 221715}, "geometry": {"type": "Point", "coordinates": [-10.151001, 8.553996]}}, {"type": "Feature", "properties": {"name": "Nz\u00e9r\u00e9kor\u00e9", "adm0_a3": "GIN", "pop_max": 168121}, "geometry": {"type": "Point", "coordinates": [-8.829988, 7.760003]}}, {"type": "Feature", "properties": {"name": "Lab\u00e9", "adm0_a3": "GIN", "pop_max": 140575}, "geometry": {"type": "Point", "coordinates": [-12.300009, 11.319992]}}, {"type": "Feature", "properties": {"name": "Kindia", "adm0_a3": "GIN", "pop_max": 117062}, "geometry": {"type": "Point", "coordinates": [-12.869974, 10.060018]}}, {"type": "Feature", "properties": {"name": "Bok\u00e9", "adm0_a3": "GIN", "pop_max": 116270}, "geometry": {"type": "Point", "coordinates": [-14.29999, 10.93999]}}, {"type": "Feature", "properties": {"name": "Kankan", "adm0_a3": "GIN", "pop_max": 114009}, "geometry": {"type": "Point", "coordinates": [-9.310011, 10.389998]}}, {"type": "Feature", "properties": {"name": "Abidjan", "adm0_a3": "CIV", "pop_max": 3802000}, "geometry": {"type": "Point", "coordinates": [-4.020207, 5.323126]}}, {"type": "Feature", "properties": {"name": "Bouak\u00e9", "adm0_a3": "CIV", "pop_max": 567481}, "geometry": {"type": "Point", "coordinates": [-5.030014, 7.689982]}}, {"type": "Feature", "properties": {"name": "Daloa", "adm0_a3": "CIV", "pop_max": 255168}, "geometry": {"type": "Point", "coordinates": [-6.450005, 6.889979]}}, {"type": "Feature", "properties": {"name": "San-Pedro", "adm0_a3": "CIV", "pop_max": 210273}, "geometry": {"type": "Point", "coordinates": [-6.639967, 4.770418]}}, {"type": "Feature", "properties": {"name": "Yamoussoukro", "adm0_a3": "CIV", "pop_max": 206499}, "geometry": {"type": "Point", "coordinates": [-5.275503, 6.818381]}}, {"type": "Feature", "properties": {"name": "Korhogo", "adm0_a3": "CIV", "pop_max": 177711}, "geometry": {"type": "Point", "coordinates": [-5.639951, 9.459977]}}, {"type": "Feature", "properties": {"name": "Douala", "adm0_a3": "CMR", "pop_max": 1906000}, "geometry": {"type": "Point", "coordinates": [9.708045, 4.062356]}}, {"type": "Feature", "properties": {"name": "Yaound\u00e9", "adm0_a3": "CMR", "pop_max": 1611000}, "geometry": {"type": "Point", "coordinates": [11.514705, 3.868647]}}, {"type": "Feature", "properties": {"name": "Bamenda", "adm0_a3": "CMR", "pop_max": 445299}, "geometry": {"type": "Point", "coordinates": [10.150016, 5.959984]}}, {"type": "Feature", "properties": {"name": "Garoua", "adm0_a3": "CMR", "pop_max": 436899}, "geometry": {"type": "Point", "coordinates": [13.390025, 9.300012]}}, {"type": "Feature", "properties": {"name": "Maroua", "adm0_a3": "CMR", "pop_max": 319941}, "geometry": {"type": "Point", "coordinates": [14.324696, 10.595566]}}, {"type": "Feature", "properties": {"name": "Bafoussam", "adm0_a3": "CMR", "pop_max": 290768}, "geometry": {"type": "Point", "coordinates": [10.409948, 5.490426]}}, {"type": "Feature", "properties": {"name": "Ngaound\u00e9r\u00e9", "adm0_a3": "CMR", "pop_max": 231357}, "geometry": {"type": "Point", "coordinates": [13.579987, 7.320366]}}, {"type": "Feature", "properties": {"name": "Tirana", "adm0_a3": "ALB", "pop_max": 895350}, "geometry": {"type": "Point", "coordinates": [19.818883, 41.327541]}}, {"type": "Feature", "properties": {"name": "Elbasan", "adm0_a3": "ALB", "pop_max": 165010}, "geometry": {"type": "Point", "coordinates": [20.083828, 41.121507]}}, {"type": "Feature", "properties": {"name": "Shkod\u00ebr", "adm0_a3": "ALB", "pop_max": 155767}, "geometry": {"type": "Point", "coordinates": [19.51885, 42.068452]}}, {"type": "Feature", "properties": {"name": "Durr\u00ebs", "adm0_a3": "ALB", "pop_max": 142432}, "geometry": {"type": "Point", "coordinates": [19.448208, 41.3178]}}, {"type": "Feature", "properties": {"name": "Vlor\u00eb", "adm0_a3": "ALB", "pop_max": 89546}, "geometry": {"type": "Point", "coordinates": [19.498231, 40.47736]}}, {"type": "Feature", "properties": {"name": "Fier", "adm0_a3": "ALB", "pop_max": 82297}, "geometry": {"type": "Point", "coordinates": [19.573003, 40.730004]}}, {"type": "Feature", "properties": {"name": "Yerevan", "adm0_a3": "ARM", "pop_max": 1102000}, "geometry": {"type": "Point", "coordinates": [44.511606, 40.183097]}}, {"type": "Feature", "properties": {"name": "Gyumri", "adm0_a3": "ARM", "pop_max": 148381}, "geometry": {"type": "Point", "coordinates": [43.847494, 40.789434]}}, {"type": "Feature", "properties": {"name": "Brussels", "adm0_a3": "BEL", "pop_max": 1743000}, "geometry": {"type": "Point", "coordinates": [4.331371, 50.835263]}}, {"type": "Feature", "properties": {"name": "Antwerpen", "adm0_a3": "BEL", "pop_max": 920000}, "geometry": {"type": "Point", "coordinates": [4.413071, 51.222319]}}, {"type": "Feature", "properties": {"name": "Baku", "adm0_a3": "AZE", "pop_max": 2122300}, "geometry": {"type": "Point", "coordinates": [49.860271, 40.397218]}}, {"type": "Feature", "properties": {"name": "Ganca", "adm0_a3": "AZE", "pop_max": 303268}, "geometry": {"type": "Point", "coordinates": [46.350028, 40.684996]}}, {"type": "Feature", "properties": {"name": "Sumqayt", "adm0_a3": "AZE", "pop_max": 279159}, "geometry": {"type": "Point", "coordinates": [49.629983, 40.580015]}}, {"type": "Feature", "properties": {"name": "Naxcivan", "adm0_a3": "AZE", "pop_max": 94788}, "geometry": {"type": "Point", "coordinates": [45.412205, 39.20922]}}, {"type": "Feature", "properties": {"name": "Kabul", "adm0_a3": "AFG", "pop_max": 3277000}, "geometry": {"type": "Point", "coordinates": [69.181314, 34.518636]}}, {"type": "Feature", "properties": {"name": "Kandahar", "adm0_a3": "AFG", "pop_max": 715542}, "geometry": {"type": "Point", "coordinates": [65.694946, 31.61002]}}, {"type": "Feature", "properties": {"name": "Jalalabad", "adm0_a3": "AFG", "pop_max": 597971}, "geometry": {"type": "Point", "coordinates": [70.436104, 34.441527]}}, {"type": "Feature", "properties": {"name": "Herat", "adm0_a3": "AFG", "pop_max": 481009}, "geometry": {"type": "Point", "coordinates": [62.169993, 34.330009]}}, {"type": "Feature", "properties": {"name": "Mazar-i-Sharif", "adm0_a3": "AFG", "pop_max": 458151}, "geometry": {"type": "Point", "coordinates": [67.100028, 36.699994]}}, {"type": "Feature", "properties": {"name": "Kondoz", "adm0_a3": "AFG", "pop_max": 259809}, "geometry": {"type": "Point", "coordinates": [68.87253, 36.727951]}}, {"type": "Feature", "properties": {"name": "Baghlan", "adm0_a3": "AFG", "pop_max": 218748}, "geometry": {"type": "Point", "coordinates": [68.699259, 36.13933]}}, {"type": "Feature", "properties": {"name": "Lashkar Gah", "adm0_a3": "AFG", "pop_max": 201546}, "geometry": {"type": "Point", "coordinates": [64.36, 31.582998]}}, {"type": "Feature", "properties": {"name": "Phnom Penh", "adm0_a3": "KHM", "pop_max": 1466000}, "geometry": {"type": "Point", "coordinates": [104.914689, 11.551976]}}, {"type": "Feature", "properties": {"name": "Battambang", "adm0_a3": "KHM", "pop_max": 154773}, "geometry": {"type": "Point", "coordinates": [103.200047, 13.100013]}}, {"type": "Feature", "properties": {"name": "Siem Reap", "adm0_a3": "KHM", "pop_max": 109398}, "geometry": {"type": "Point", "coordinates": [103.850033, 13.366638]}}, {"type": "Feature", "properties": {"name": "Kampong Cham", "adm0_a3": "KHM", "pop_max": 83233}, "geometry": {"type": "Point", "coordinates": [105.450039, 12.000442]}}, {"type": "Feature", "properties": {"name": "Algiers", "adm0_a3": "DZA", "pop_max": 3354000}, "geometry": {"type": "Point", "coordinates": [3.048607, 36.765011]}}, {"type": "Feature", "properties": {"name": "Oran", "adm0_a3": "DZA", "pop_max": 798000}, "geometry": {"type": "Point", "coordinates": [-0.621919, 35.711948]}}, {"type": "Feature", "properties": {"name": "Constantine", "adm0_a3": "DZA", "pop_max": 605179}, "geometry": {"type": "Point", "coordinates": [6.599948, 36.359989]}}, {"type": "Feature", "properties": {"name": "Blida", "adm0_a3": "DZA", "pop_max": 511348}, "geometry": {"type": "Point", "coordinates": [2.829998, 36.420347]}}, {"type": "Feature", "properties": {"name": "Annaba", "adm0_a3": "DZA", "pop_max": 503524}, "geometry": {"type": "Point", "coordinates": [7.759981, 36.920006]}}, {"type": "Feature", "properties": {"name": "Chlef", "adm0_a3": "DZA", "pop_max": 449167}, "geometry": {"type": "Point", "coordinates": [1.319961, 36.170414]}}, {"type": "Feature", "properties": {"name": "Arak", "adm0_a3": "DZA", "pop_max": 423251}, "geometry": {"type": "Point", "coordinates": [3.749993, 25.279993]}}, {"type": "Feature", "properties": {"name": "B\u00e9ja\u00efa", "adm0_a3": "DZA", "pop_max": 384937}, "geometry": {"type": "Point", "coordinates": [5.070016, 36.760378]}}, {"type": "Feature", "properties": {"name": "Batna", "adm0_a3": "DZA", "pop_max": 280798}, "geometry": {"type": "Point", "coordinates": [6.17, 35.569959]}}, {"type": "Feature", "properties": {"name": "S\u00e9tif", "adm0_a3": "DZA", "pop_max": 274744}, "geometry": {"type": "Point", "coordinates": [5.39997, 36.180025]}}, {"type": "Feature", "properties": {"name": "Tlimcen", "adm0_a3": "DZA", "pop_max": 229777}, "geometry": {"type": "Point", "coordinates": [-1.320008, 34.890414]}}, {"type": "Feature", "properties": {"name": "Skikda", "adm0_a3": "DZA", "pop_max": 225181}, "geometry": {"type": "Point", "coordinates": [6.899982, 36.880422]}}, {"type": "Feature", "properties": {"name": "Cotonou", "adm0_a3": "BEN", "pop_max": 762000}, "geometry": {"type": "Point", "coordinates": [2.404355, 6.36298]}}, {"type": "Feature", "properties": {"name": "Porto-Novo", "adm0_a3": "BEN", "pop_max": 300000}, "geometry": {"type": "Point", "coordinates": [2.616626, 6.483311]}}, {"type": "Feature", "properties": {"name": "Ouagadougou", "adm0_a3": "BFA", "pop_max": 1149000}, "geometry": {"type": "Point", "coordinates": [-1.52667, 12.372262]}}, {"type": "Feature", "properties": {"name": "Bobo Dioulasso", "adm0_a3": "BFA", "pop_max": 360106}, "geometry": {"type": "Point", "coordinates": [-4.289981, 11.179975]}}, {"type": "Feature", "properties": {"name": "Koudougou", "adm0_a3": "BFA", "pop_max": 87347}, "geometry": {"type": "Point", "coordinates": [-2.369995, 12.250478]}}, {"type": "Feature", "properties": {"name": "Ouahigouya", "adm0_a3": "BFA", "pop_max": 79504}, "geometry": {"type": "Point", "coordinates": [-2.419992, 13.570424]}}, {"type": "Feature", "properties": {"name": "Banfora", "adm0_a3": "BFA", "pop_max": 60288}, "geometry": {"type": "Point", "coordinates": [-4.760004, 10.630448]}}, {"type": "Feature", "properties": {"name": "D\u00e9dougou", "adm0_a3": "BFA", "pop_max": 45341}, "geometry": {"type": "Point", "coordinates": [-3.464, 12.455001]}}, {"type": "Feature", "properties": {"name": "Kaya", "adm0_a3": "BFA", "pop_max": 40017}, "geometry": {"type": "Point", "coordinates": [-1.090047, 13.090375]}}, {"type": "Feature", "properties": {"name": "Tenkodogo", "adm0_a3": "BFA", "pop_max": 38108}, "geometry": {"type": "Point", "coordinates": [-0.369704, 11.780404]}}, {"type": "Feature", "properties": {"name": "Sofia", "adm0_a3": "BGR", "pop_max": 1185000}, "geometry": {"type": "Point", "coordinates": [23.314708, 42.685295]}}, {"type": "Feature", "properties": {"name": "Plovdiv", "adm0_a3": "BGR", "pop_max": 340494}, "geometry": {"type": "Point", "coordinates": [24.753982, 42.153976]}}, {"type": "Feature", "properties": {"name": "Varna", "adm0_a3": "BGR", "pop_max": 312770}, "geometry": {"type": "Point", "coordinates": [27.895289, 43.215643]}}, {"type": "Feature", "properties": {"name": "Burgas", "adm0_a3": "BGR", "pop_max": 195966}, "geometry": {"type": "Point", "coordinates": [27.474643, 42.5146]}}, {"type": "Feature", "properties": {"name": "Vienna", "adm0_a3": "AUT", "pop_max": 2400000}, "geometry": {"type": "Point", "coordinates": [16.364693, 48.201961]}}, {"type": "Feature", "properties": {"name": "Linz", "adm0_a3": "AUT", "pop_max": 349161}, "geometry": {"type": "Point", "coordinates": [14.288781, 48.319233]}}, {"type": "Feature", "properties": {"name": "Thimphu", "adm0_a3": "BTN", "pop_max": 98676}, "geometry": {"type": "Point", "coordinates": [89.639014, 27.472986]}}, {"type": "Feature", "properties": {"name": "Yangon", "adm0_a3": "MMR", "pop_max": 4088000}, "geometry": {"type": "Point", "coordinates": [96.164732, 16.7853]}}, {"type": "Feature", "properties": {"name": "Mandalay", "adm0_a3": "MMR", "pop_max": 1300000}, "geometry": {"type": "Point", "coordinates": [96.083083, 21.971934]}}, {"type": "Feature", "properties": {"name": "Naypyidaw", "adm0_a3": "MMR", "pop_max": 930000}, "geometry": {"type": "Point", "coordinates": [96.116673, 19.768503]}}, {"type": "Feature", "properties": {"name": "Mawlamyine", "adm0_a3": "MMR", "pop_max": 438861}, "geometry": {"type": "Point", "coordinates": [97.670048, 16.500426]}}, {"type": "Feature", "properties": {"name": "Bago", "adm0_a3": "MMR", "pop_max": 284318}, "geometry": {"type": "Point", "coordinates": [96.514977, 17.320014]}}, {"type": "Feature", "properties": {"name": "Myeik", "adm0_a3": "MMR", "pop_max": 266720}, "geometry": {"type": "Point", "coordinates": [98.61149, 12.454083]}}, {"type": "Feature", "properties": {"name": "Pathein", "adm0_a3": "MMR", "pop_max": 237089}, "geometry": {"type": "Point", "coordinates": [94.749968, 16.770409]}}, {"type": "Feature", "properties": {"name": "Monywa", "adm0_a3": "MMR", "pop_max": 226222}, "geometry": {"type": "Point", "coordinates": [95.149996, 22.104993]}}, {"type": "Feature", "properties": {"name": "Hinthada", "adm0_a3": "MMR", "pop_max": 180728}, "geometry": {"type": "Point", "coordinates": [95.467857, 17.648263]}}, {"type": "Feature", "properties": {"name": "Bujumbura", "adm0_a3": "BDI", "pop_max": 331700}, "geometry": {"type": "Point", "coordinates": [29.360006, -3.376087]}}, {"type": "Feature", "properties": {"name": "Muyinga", "adm0_a3": "BDI", "pop_max": 71076}, "geometry": {"type": "Point", "coordinates": [30.31726, -2.852347]}}, {"type": "Feature", "properties": {"name": "Ruyigi", "adm0_a3": "BDI", "pop_max": 38458}, "geometry": {"type": "Point", "coordinates": [30.243997, -3.481002]}}, {"type": "Feature", "properties": {"name": "Nicosia", "adm0_a3": "CYP", "pop_max": 224300}, "geometry": {"type": "Point", "coordinates": [33.366635, 35.166677]}}, {"type": "Feature", "properties": {"name": "Hargeisa", "adm0_a3": "SOL", "pop_max": 477876}, "geometry": {"type": "Point", "coordinates": [44.06531, 9.560022]}}, {"type": "Feature", "properties": {"name": "S\u00e3o Tom\u00e9", "adm0_a3": "STP", "pop_max": 88219}, "geometry": {"type": "Point", "coordinates": [6.72965, 0.337466]}}, {"type": "Feature", "properties": {"name": "Gaza City", "adm0_a3": "PSX", "pop_max": 505700}, "geometry": {"type": "Point", "coordinates": [34.445019, 31.529999]}}, {"type": "Feature", "properties": {"name": "Famagusta", "adm0_a3": "CYN", "pop_max": 42526}, "geometry": {"type": "Point", "coordinates": [33.95001, 35.125025]}}, {"type": "Feature", "properties": {"name": "Caracas", "adm0_a3": "VEN", "pop_max": 2985000}, "geometry": {"type": "Point", "coordinates": [-66.918983, 10.502944]}}, {"type": "Feature", "properties": {"name": "Maracaibo", "adm0_a3": "VEN", "pop_max": 2072000}, "geometry": {"type": "Point", "coordinates": [-71.661924, 10.731923]}}, {"type": "Feature", "properties": {"name": "Valencia", "adm0_a3": "VEN", "pop_max": 1770000}, "geometry": {"type": "Point", "coordinates": [-67.981967, 10.231927]}}, {"type": "Feature", "properties": {"name": "Barquisimeto", "adm0_a3": "VEN", "pop_max": 1116000}, "geometry": {"type": "Point", "coordinates": [-69.301913, 10.051938]}}, {"type": "Feature", "properties": {"name": "Maracay", "adm0_a3": "VEN", "pop_max": 1007000}, "geometry": {"type": "Point", "coordinates": [-67.597753, 10.248826]}}, {"type": "Feature", "properties": {"name": "Ciudad Guayana", "adm0_a3": "VEN", "pop_max": 746535}, "geometry": {"type": "Point", "coordinates": [-62.619987, 8.370017]}}, {"type": "Feature", "properties": {"name": "Barcelona", "adm0_a3": "VEN", "pop_max": 600954}, "geometry": {"type": "Point", "coordinates": [-64.720014, 10.130375]}}, {"type": "Feature", "properties": {"name": "Puerto la Cruz", "adm0_a3": "VEN", "pop_max": 546616}, "geometry": {"type": "Point", "coordinates": [-64.680016, 10.169959]}}, {"type": "Feature", "properties": {"name": "Cabimas", "adm0_a3": "VEN", "pop_max": 441094}, "geometry": {"type": "Point", "coordinates": [-71.44999, 10.429995]}}, {"type": "Feature", "properties": {"name": "San Crist\u00f3bal", "adm0_a3": "VEN", "pop_max": 438798}, "geometry": {"type": "Point", "coordinates": [-72.249967, 7.770003]}}, {"type": "Feature", "properties": {"name": "Matur\u00edn", "adm0_a3": "VEN", "pop_max": 410972}, "geometry": {"type": "Point", "coordinates": [-63.170031, 9.749959]}}, {"type": "Feature", "properties": {"name": "M\u00e9rida", "adm0_a3": "VEN", "pop_max": 345489}, "geometry": {"type": "Point", "coordinates": [-71.182522, 8.56952]}}, {"type": "Feature", "properties": {"name": "Sanaa", "adm0_a3": "YEM", "pop_max": 2008000}, "geometry": {"type": "Point", "coordinates": [44.204648, 15.356679]}}, {"type": "Feature", "properties": {"name": "Aden", "adm0_a3": "YEM", "pop_max": 1000000}, "geometry": {"type": "Point", "coordinates": [45.00949, 12.779723]}}, {"type": "Feature", "properties": {"name": "Al Hudaydah", "adm0_a3": "YEM", "pop_max": 780000}, "geometry": {"type": "Point", "coordinates": [42.951029, 14.799891]}}, {"type": "Feature", "properties": {"name": "Taizz", "adm0_a3": "YEM", "pop_max": 751000}, "geometry": {"type": "Point", "coordinates": [44.037474, 13.606398]}}, {"type": "Feature", "properties": {"name": "Al Mukalla", "adm0_a3": "YEM", "pop_max": 258132}, "geometry": {"type": "Point", "coordinates": [49.125931, 14.541165]}}, {"type": "Feature", "properties": {"name": "Reykjav\u00edk", "adm0_a3": "ISL", "pop_max": 166212}, "geometry": {"type": "Point", "coordinates": [-21.936546, 64.143459]}}, {"type": "Feature", "properties": {"name": "Akureyri", "adm0_a3": "ISL", "pop_max": 16563}, "geometry": {"type": "Point", "coordinates": [-18.100017, 65.666572]}}, {"type": "Feature", "properties": {"name": "Paramaribo", "adm0_a3": "SUR", "pop_max": 254169}, "geometry": {"type": "Point", "coordinates": [-55.167031, 5.83503]}}, {"type": "Feature", "properties": {"name": "Cottica", "adm0_a3": "SUR", "pop_max": 29210}, "geometry": {"type": "Point", "coordinates": [-54.233289, 3.850009]}}, {"type": "Feature", "properties": {"name": "Dushanbe", "adm0_a3": "TJK", "pop_max": 1086244}, "geometry": {"type": "Point", "coordinates": [68.773879, 38.560035]}}, {"type": "Feature", "properties": {"name": "Khujand", "adm0_a3": "TJK", "pop_max": 437684}, "geometry": {"type": "Point", "coordinates": [69.619926, 40.289981]}}, {"type": "Feature", "properties": {"name": "Asunci\u00f3n", "adm0_a3": "PRY", "pop_max": 1870000}, "geometry": {"type": "Point", "coordinates": [-57.625834, -25.290671]}}, {"type": "Feature", "properties": {"name": "San Lorenzo", "adm0_a3": "PRY", "pop_max": 500000}, "geometry": {"type": "Point", "coordinates": [-57.52004, -25.340018]}}, {"type": "Feature", "properties": {"name": "Encarnaci\u00f3n", "adm0_a3": "PRY", "pop_max": 357119}, "geometry": {"type": "Point", "coordinates": [-55.873919, -27.347185]}}, {"type": "Feature", "properties": {"name": "Ciudad del Este", "adm0_a3": "PRY", "pop_max": 320872}, "geometry": {"type": "Point", "coordinates": [-54.616057, -25.5167]}}, {"type": "Feature", "properties": {"name": "Pedro Juan Caballero", "adm0_a3": "PRY", "pop_max": 102787}, "geometry": {"type": "Point", "coordinates": [-55.759992, -22.544581]}}, {"type": "Feature", "properties": {"name": "Coronel Oviedo", "adm0_a3": "PRY", "pop_max": 88101}, "geometry": {"type": "Point", "coordinates": [-56.439951, -25.449985]}}, {"type": "Feature", "properties": {"name": "Concepci\u00f3n", "adm0_a3": "PRY", "pop_max": 59118}, "geometry": {"type": "Point", "coordinates": [-57.434412, -23.406389]}}, {"type": "Feature", "properties": {"name": "Villarrica", "adm0_a3": "PRY", "pop_max": 41157}, "geometry": {"type": "Point", "coordinates": [-56.43331, -25.750019]}}, {"type": "Feature", "properties": {"name": "It\u00e1", "adm0_a3": "PRY", "pop_max": 41090}, "geometry": {"type": "Point", "coordinates": [-57.360024, -25.50962]}}, {"type": "Feature", "properties": {"name": "Yei", "adm0_a3": "SSD", "pop_max": 185000}, "geometry": {"type": "Point", "coordinates": [30.680029, 4.090382]}}, {"type": "Feature", "properties": {"name": "Malakal", "adm0_a3": "SSD", "pop_max": 160765}, "geometry": {"type": "Point", "coordinates": [31.65599, 9.536897]}}, {"type": "Feature", "properties": {"name": "Wau", "adm0_a3": "SSD", "pop_max": 127384}, "geometry": {"type": "Point", "coordinates": [27.98996, 7.699981]}}, {"type": "Feature", "properties": {"name": "Panama City", "adm0_a3": "PAN", "pop_max": 1281000}, "geometry": {"type": "Point", "coordinates": [-79.534983, 8.969963]}}, {"type": "Feature", "properties": {"name": "Col\u00f3n", "adm0_a3": "PAN", "pop_max": 204000}, "geometry": {"type": "Point", "coordinates": [-79.87498, 9.365021]}}, {"type": "Feature", "properties": {"name": "David", "adm0_a3": "PAN", "pop_max": 110037}, "geometry": {"type": "Point", "coordinates": [-82.433325, 8.433321]}}, {"type": "Feature", "properties": {"name": "Moscow", "adm0_a3": "RUS", "pop_max": 10452000}, "geometry": {"type": "Point", "coordinates": [37.613577, 55.75411]}}, {"type": "Feature", "properties": {"name": "St.  Petersburg", "adm0_a3": "RUS", "pop_max": 4553000}, "geometry": {"type": "Point", "coordinates": [30.314074, 59.94096]}}, {"type": "Feature", "properties": {"name": "Novosibirsk", "adm0_a3": "RUS", "pop_max": 1389000}, "geometry": {"type": "Point", "coordinates": [82.958096, 55.031906]}}, {"type": "Feature", "properties": {"name": "Yekaterinburg", "adm0_a3": "RUS", "pop_max": 1313000}, "geometry": {"type": "Point", "coordinates": [60.598014, 56.851976]}}, {"type": "Feature", "properties": {"name": "Nizhny Novgorod", "adm0_a3": "RUS", "pop_max": 1278000}, "geometry": {"type": "Point", "coordinates": [43.998148, 56.334953]}}, {"type": "Feature", "properties": {"name": "Samara", "adm0_a3": "RUS", "pop_max": 1137000}, "geometry": {"type": "Point", "coordinates": [50.149349, 53.196953]}}, {"type": "Feature", "properties": {"name": "Omsk", "adm0_a3": "RUS", "pop_max": 1135000}, "geometry": {"type": "Point", "coordinates": [73.398008, 54.991934]}}, {"type": "Feature", "properties": {"name": "Kazan", "adm0_a3": "RUS", "pop_max": 1115000}, "geometry": {"type": "Point", "coordinates": [49.124399, 55.751888]}}, {"type": "Feature", "properties": {"name": "Chelyabinsk", "adm0_a3": "RUS", "pop_max": 1091000}, "geometry": {"type": "Point", "coordinates": [61.436722, 55.156937]}}, {"type": "Feature", "properties": {"name": "Rostov", "adm0_a3": "RUS", "pop_max": 1052000}, "geometry": {"type": "Point", "coordinates": [39.71071, 47.236594]}}, {"type": "Feature", "properties": {"name": "Ufa", "adm0_a3": "RUS", "pop_max": 1018000}, "geometry": {"type": "Point", "coordinates": [56.038085, 54.791921]}}, {"type": "Feature", "properties": {"name": "Perm", "adm0_a3": "RUS", "pop_max": 997000}, "geometry": {"type": "Point", "coordinates": [56.248047, 58.001906]}}, {"type": "Feature", "properties": {"name": "Volgograd", "adm0_a3": "RUS", "pop_max": 984000}, "geometry": {"type": "Point", "coordinates": [44.498015, 48.711956]}}, {"type": "Feature", "properties": {"name": "Krasnoyarsk", "adm0_a3": "RUS", "pop_max": 925000}, "geometry": {"type": "Point", "coordinates": [92.864055, 56.015929]}}, {"type": "Feature", "properties": {"name": "Voronezh", "adm0_a3": "RUS", "pop_max": 844000}, "geometry": {"type": "Point", "coordinates": [39.186843, 51.66539]}}, {"type": "Feature", "properties": {"name": "Saratov", "adm0_a3": "RUS", "pop_max": 843000}, "geometry": {"type": "Point", "coordinates": [46.02805, 51.581936]}}, {"type": "Feature", "properties": {"name": "Tolyatti", "adm0_a3": "RUS", "pop_max": 702879}, "geometry": {"type": "Point", "coordinates": [49.420063, 53.508094]}}, {"type": "Feature", "properties": {"name": "Krasnodar", "adm0_a3": "RUS", "pop_max": 649851}, "geometry": {"type": "Point", "coordinates": [39.000038, 45.019977]}}, {"type": "Feature", "properties": {"name": "Ulyanovsk", "adm0_a3": "RUS", "pop_max": 640680}, "geometry": {"type": "Point", "coordinates": [48.410006, 54.329977]}}, {"type": "Feature", "properties": {"name": "Izhevsk", "adm0_a3": "RUS", "pop_max": 631038}, "geometry": {"type": "Point", "coordinates": [53.230022, 56.85003]}}, {"type": "Feature", "properties": {"name": "Yaroslavl", "adm0_a3": "RUS", "pop_max": 606730}, "geometry": {"type": "Point", "coordinates": [39.87001, 57.619983]}}, {"type": "Feature", "properties": {"name": "Barnaul", "adm0_a3": "RUS", "pop_max": 599579}, "geometry": {"type": "Point", "coordinates": [83.745007, 53.354998]}}, {"type": "Feature", "properties": {"name": "Vladivostok", "adm0_a3": "RUS", "pop_max": 587022}, "geometry": {"type": "Point", "coordinates": [131.910026, 43.130015]}}, {"type": "Feature", "properties": {"name": "Irkutsk", "adm0_a3": "RUS", "pop_max": 586695}, "geometry": {"type": "Point", "coordinates": [104.283869, 52.284604]}}, {"type": "Feature", "properties": {"name": "Khabarovsk", "adm0_a3": "RUS", "pop_max": 579000}, "geometry": {"type": "Point", "coordinates": [135.120011, 48.454987]}}, {"type": "Feature", "properties": {"name": "Makhachkala", "adm0_a3": "RUS", "pop_max": 554981}, "geometry": {"type": "Point", "coordinates": [47.499984, 42.980024]}}, {"type": "Feature", "properties": {"name": "Orenburg", "adm0_a3": "RUS", "pop_max": 550204}, "geometry": {"type": "Point", "coordinates": [55.110011, 51.779978]}}, {"type": "Feature", "properties": {"name": "Novokuznetsk", "adm0_a3": "RUS", "pop_max": 539616}, "geometry": {"type": "Point", "coordinates": [87.114982, 53.750012]}}, {"type": "Feature", "properties": {"name": "Tomsk", "adm0_a3": "RUS", "pop_max": 535479}, "geometry": {"type": "Point", "coordinates": [84.975009, 56.494987]}}, {"type": "Feature", "properties": {"name": "Ryazan", "adm0_a3": "RUS", "pop_max": 520173}, "geometry": {"type": "Point", "coordinates": [39.719994, 54.619959]}}, {"type": "Feature", "properties": {"name": "Tyumen", "adm0_a3": "RUS", "pop_max": 519119}, "geometry": {"type": "Point", "coordinates": [65.529995, 57.140012]}}, {"type": "Feature", "properties": {"name": "Lipetsk", "adm0_a3": "RUS", "pop_max": 515655}, "geometry": {"type": "Point", "coordinates": [39.639999, 52.620004]}}, {"type": "Feature", "properties": {"name": "Penza", "adm0_a3": "RUS", "pop_max": 512602}, "geometry": {"type": "Point", "coordinates": [44.999982, 53.180021]}}, {"type": "Feature", "properties": {"name": "Astrakhan", "adm0_a3": "RUS", "pop_max": 502533}, "geometry": {"type": "Point", "coordinates": [48.054989, 46.348655]}}, {"type": "Feature", "properties": {"name": "Tula", "adm0_a3": "RUS", "pop_max": 489486}, "geometry": {"type": "Point", "coordinates": [37.629941, 54.199959]}}, {"type": "Feature", "properties": {"name": "Kemerovo", "adm0_a3": "RUS", "pop_max": 477090}, "geometry": {"type": "Point", "coordinates": [86.08998, 55.339967]}}, {"type": "Feature", "properties": {"name": "Naberezhnyye Chelny", "adm0_a3": "RUS", "pop_max": 461086}, "geometry": {"type": "Point", "coordinates": [52.39244, 55.731906]}}, {"type": "Feature", "properties": {"name": "Kirov", "adm0_a3": "RUS", "pop_max": 457437}, "geometry": {"type": "Point", "coordinates": [49.669981, 58.590053]}}, {"type": "Feature", "properties": {"name": "Cheboksary", "adm0_a3": "RUS", "pop_max": 446781}, "geometry": {"type": "Point", "coordinates": [47.250025, 56.12997]}}, {"type": "Feature", "properties": {"name": "Kaliningrad", "adm0_a3": "RUS", "pop_max": 434954}, "geometry": {"type": "Point", "coordinates": [20.497343, 54.700006]}}, {"type": "Feature", "properties": {"name": "Bryansk", "adm0_a3": "RUS", "pop_max": 427236}, "geometry": {"type": "Point", "coordinates": [34.429981, 53.259991]}}, {"type": "Feature", "properties": {"name": "Ivanovo", "adm0_a3": "RUS", "pop_max": 420839}, "geometry": {"type": "Point", "coordinates": [41.009993, 57.01002]}}, {"type": "Feature", "properties": {"name": "Magnitogorsk", "adm0_a3": "RUS", "pop_max": 413351}, "geometry": {"type": "Point", "coordinates": [58.980007, 53.422694]}}, {"type": "Feature", "properties": {"name": "Kursk", "adm0_a3": "RUS", "pop_max": 409431}, "geometry": {"type": "Point", "coordinates": [36.190028, 51.73998]}}, {"type": "Feature", "properties": {"name": "Tver", "adm0_a3": "RUS", "pop_max": 400212}, "geometry": {"type": "Point", "coordinates": [35.889995, 56.859978]}}, {"type": "Feature", "properties": {"name": "Surgut", "adm0_a3": "RUS", "pop_max": 400000}, "geometry": {"type": "Point", "coordinates": [73.425017, 61.259942]}}, {"type": "Feature", "properties": {"name": "Nizhny Tagil", "adm0_a3": "RUS", "pop_max": 381116}, "geometry": {"type": "Point", "coordinates": [59.974985, 57.920016]}}, {"type": "Feature", "properties": {"name": "Sevastopol", "adm0_a3": "RUS", "pop_max": 379200}, "geometry": {"type": "Point", "coordinates": [33.524395, 44.603925]}}, {"type": "Feature", "properties": {"name": "Vladikavkaz", "adm0_a3": "RUS", "pop_max": 364630}, "geometry": {"type": "Point", "coordinates": [44.669976, 43.050381]}}, {"type": "Feature", "properties": {"name": "Stavropol", "adm0_a3": "RUS", "pop_max": 363064}, "geometry": {"type": "Point", "coordinates": [41.980011, 45.050001]}}, {"type": "Feature", "properties": {"name": "Ulan-Ude", "adm0_a3": "RUS", "pop_max": 360278}, "geometry": {"type": "Point", "coordinates": [107.624996, 51.824988]}}, {"type": "Feature", "properties": {"name": "Simferopol", "adm0_a3": "RUS", "pop_max": 358108}, "geometry": {"type": "Point", "coordinates": [34.098735, 44.949154]}}, {"type": "Feature", "properties": {"name": "Archangel", "adm0_a3": "RUS", "pop_max": 356051}, "geometry": {"type": "Point", "coordinates": [40.545008, 64.574959]}}, {"type": "Feature", "properties": {"name": "Belgorod", "adm0_a3": "RUS", "pop_max": 345289}, "geometry": {"type": "Point", "coordinates": [36.599926, 50.629996]}}, {"type": "Feature", "properties": {"name": "Kurgan", "adm0_a3": "RUS", "pop_max": 343129}, "geometry": {"type": "Point", "coordinates": [65.344993, 55.45996]}}, {"type": "Feature", "properties": {"name": "Kaluga", "adm0_a3": "RUS", "pop_max": 338978}, "geometry": {"type": "Point", "coordinates": [36.270024, 54.520379]}}, {"type": "Feature", "properties": {"name": "Orel", "adm0_a3": "RUS", "pop_max": 334552}, "geometry": {"type": "Point", "coordinates": [36.069984, 52.969957]}}, {"type": "Feature", "properties": {"name": "Sochi", "adm0_a3": "RUS", "pop_max": 327608}, "geometry": {"type": "Point", "coordinates": [39.729967, 43.590012]}}, {"type": "Feature", "properties": {"name": "Yoshkar Ola", "adm0_a3": "RUS", "pop_max": 324406}, "geometry": {"type": "Point", "coordinates": [47.874948, 56.635392]}}, {"type": "Feature", "properties": {"name": "Volzhskiy", "adm0_a3": "RUS", "pop_max": 323293}, "geometry": {"type": "Point", "coordinates": [44.774362, 48.794811]}}, {"type": "Feature", "properties": {"name": "Smolensk", "adm0_a3": "RUS", "pop_max": 320991}, "geometry": {"type": "Point", "coordinates": [32.047336, 54.782688]}}, {"type": "Feature", "properties": {"name": "Podolsk", "adm0_a3": "RUS", "pop_max": 320635}, "geometry": {"type": "Point", "coordinates": [37.529947, 55.38043]}}, {"type": "Feature", "properties": {"name": "Murmansk", "adm0_a3": "RUS", "pop_max": 319263}, "geometry": {"type": "Point", "coordinates": [33.100036, 68.969988]}}, {"type": "Feature", "properties": {"name": "Vladimir", "adm0_a3": "RUS", "pop_max": 318648}, "geometry": {"type": "Point", "coordinates": [40.409926, 56.12997]}}, {"type": "Feature", "properties": {"name": "Cherepovets", "adm0_a3": "RUS", "pop_max": 311850}, "geometry": {"type": "Point", "coordinates": [37.909975, 59.140433]}}, {"type": "Feature", "properties": {"name": "Chita", "adm0_a3": "RUS", "pop_max": 308500}, "geometry": {"type": "Point", "coordinates": [113.465002, 52.055025]}}, {"type": "Feature", "properties": {"name": "Nalchik", "adm0_a3": "RUS", "pop_max": 307866}, "geometry": {"type": "Point", "coordinates": [43.617947, 43.498106]}}, {"type": "Feature", "properties": {"name": "Saransk", "adm0_a3": "RUS", "pop_max": 303394}, "geometry": {"type": "Point", "coordinates": [45.180022, 54.170374]}}, {"type": "Feature", "properties": {"name": "Tambov", "adm0_a3": "RUS", "pop_max": 301482}, "geometry": {"type": "Point", "coordinates": [41.430019, 52.730023]}}, {"type": "Feature", "properties": {"name": "Vologda", "adm0_a3": "RUS", "pop_max": 294889}, "geometry": {"type": "Point", "coordinates": [39.919982, 59.209989]}}, {"type": "Feature", "properties": {"name": "Taganrog", "adm0_a3": "RUS", "pop_max": 279056}, "geometry": {"type": "Point", "coordinates": [38.919991, 47.229997]}}, {"type": "Feature", "properties": {"name": "Kostroma", "adm0_a3": "RUS", "pop_max": 277656}, "geometry": {"type": "Point", "coordinates": [40.940023, 57.770026]}}, {"type": "Feature", "properties": {"name": "Komsomolsk na Amure", "adm0_a3": "RUS", "pop_max": 275908}, "geometry": {"type": "Point", "coordinates": [137.019998, 50.554988]}}, {"type": "Feature", "properties": {"name": "Prokopyevsk", "adm0_a3": "RUS", "pop_max": 275615}, "geometry": {"type": "Point", "coordinates": [86.709994, 53.899977]}}, {"type": "Feature", "properties": {"name": "Sterlitamak", "adm0_a3": "RUS", "pop_max": 267231}, "geometry": {"type": "Point", "coordinates": [55.960036, 53.629994]}}, {"type": "Feature", "properties": {"name": "Petrozavodsk", "adm0_a3": "RUS", "pop_max": 265025}, "geometry": {"type": "Point", "coordinates": [34.361223, 61.781318]}}, {"type": "Feature", "properties": {"name": "Dzerzhinsk", "adm0_a3": "RUS", "pop_max": 256537}, "geometry": {"type": "Point", "coordinates": [43.460024, 56.250377]}}, {"type": "Feature", "properties": {"name": "Orsk", "adm0_a3": "RUS", "pop_max": 246836}, "geometry": {"type": "Point", "coordinates": [58.627315, 51.210012]}}, {"type": "Feature", "properties": {"name": "Bratsk", "adm0_a3": "RUS", "pop_max": 246348}, "geometry": {"type": "Point", "coordinates": [101.615027, 56.156997]}}, {"type": "Feature", "properties": {"name": "Nizhenvartovsk", "adm0_a3": "RUS", "pop_max": 244937}, "geometry": {"type": "Point", "coordinates": [76.580018, 60.934974]}}, {"type": "Feature", "properties": {"name": "Angarsk", "adm0_a3": "RUS", "pop_max": 243158}, "geometry": {"type": "Point", "coordinates": [103.920003, 52.560007]}}, {"type": "Feature", "properties": {"name": "Novorossiysk", "adm0_a3": "RUS", "pop_max": 241856}, "geometry": {"type": "Point", "coordinates": [37.769932, 44.729969]}}, {"type": "Feature", "properties": {"name": "Yakutsk", "adm0_a3": "RUS", "pop_max": 235600}, "geometry": {"type": "Point", "coordinates": [129.735016, 62.034959]}}, {"type": "Feature", "properties": {"name": "Nizhnekamsk", "adm0_a3": "RUS", "pop_max": 234297}, "geometry": {"type": "Point", "coordinates": [51.820031, 55.64044]}}, {"type": "Feature", "properties": {"name": "Syktyvkar", "adm0_a3": "RUS", "pop_max": 230910}, "geometry": {"type": "Point", "coordinates": [50.819988, 61.659995]}}, {"type": "Feature", "properties": {"name": "Noginsk", "adm0_a3": "RUS", "pop_max": 229731}, "geometry": {"type": "Point", "coordinates": [38.480018, 55.870426]}}, {"type": "Feature", "properties": {"name": "Noginsk", "adm0_a3": "RUS", "pop_max": 229731}, "geometry": {"type": "Point", "coordinates": [91.233335, 64.483311]}}, {"type": "Feature", "properties": {"name": "Starsy Oskol", "adm0_a3": "RUS", "pop_max": 226977}, "geometry": {"type": "Point", "coordinates": [37.839954, 51.30042]}}, {"type": "Feature", "properties": {"name": "Grozny", "adm0_a3": "RUS", "pop_max": 226100}, "geometry": {"type": "Point", "coordinates": [45.698699, 43.318685]}}, {"type": "Feature", "properties": {"name": "Kolpino", "adm0_a3": "RUS", "pop_max": 225801}, "geometry": {"type": "Point", "coordinates": [30.650005, 59.730009]}}, {"type": "Feature", "properties": {"name": "Shakhty", "adm0_a3": "RUS", "pop_max": 221312}, "geometry": {"type": "Point", "coordinates": [40.270038, 47.72038]}}, {"type": "Feature", "properties": {"name": "Blagoveshchensk", "adm0_a3": "RUS", "pop_max": 221296}, "geometry": {"type": "Point", "coordinates": [127.533342, 50.266607]}}, {"type": "Feature", "properties": {"name": "Velikiy Novgorod", "adm0_a3": "RUS", "pop_max": 218717}, "geometry": {"type": "Point", "coordinates": [31.330015, 58.499981]}}, {"type": "Feature", "properties": {"name": "Rybinsk", "adm0_a3": "RUS", "pop_max": 216724}, "geometry": {"type": "Point", "coordinates": [38.819997, 58.050344]}}, {"type": "Feature", "properties": {"name": "Biysk", "adm0_a3": "RUS", "pop_max": 215430}, "geometry": {"type": "Point", "coordinates": [85.18001, 52.534066]}}, {"type": "Feature", "properties": {"name": "Pskov", "adm0_a3": "RUS", "pop_max": 201990}, "geometry": {"type": "Point", "coordinates": [28.32994, 57.829996]}}, {"type": "Feature", "properties": {"name": "Balakovo", "adm0_a3": "RUS", "pop_max": 199572}, "geometry": {"type": "Point", "coordinates": [47.800018, 52.029988]}}, {"type": "Feature", "properties": {"name": "Armavir", "adm0_a3": "RUS", "pop_max": 199548}, "geometry": {"type": "Point", "coordinates": [41.130037, 45.000391]}}, {"type": "Feature", "properties": {"name": "Engels", "adm0_a3": "RUS", "pop_max": 196011}, "geometry": {"type": "Point", "coordinates": [46.120017, 51.500408]}}, {"type": "Feature", "properties": {"name": "Severodvinsk", "adm0_a3": "RUS", "pop_max": 194292}, "geometry": {"type": "Point", "coordinates": [39.830013, 64.570024]}}, {"type": "Feature", "properties": {"name": "Zlatoust", "adm0_a3": "RUS", "pop_max": 191366}, "geometry": {"type": "Point", "coordinates": [59.649992, 55.17499]}}, {"type": "Feature", "properties": {"name": "Syzran", "adm0_a3": "RUS", "pop_max": 189338}, "geometry": {"type": "Point", "coordinates": [48.479976, 53.169996]}}, {"type": "Feature", "properties": {"name": "Petropavlovsk-Kamchatsky", "adm0_a3": "RUS", "pop_max": 187282}, "geometry": {"type": "Point", "coordinates": [158.62302, 53.061992]}}, {"type": "Feature", "properties": {"name": "Kamensk Uralskiy", "adm0_a3": "RUS", "pop_max": 182500}, "geometry": {"type": "Point", "coordinates": [61.93502, 56.42047]}}, {"type": "Feature", "properties": {"name": "Yuzhno Sakhalinsk", "adm0_a3": "RUS", "pop_max": 176484}, "geometry": {"type": "Point", "coordinates": [142.740011, 46.964974]}}, {"type": "Feature", "properties": {"name": "Berezniki", "adm0_a3": "RUS", "pop_max": 167748}, "geometry": {"type": "Point", "coordinates": [56.759987, 59.420002]}}, {"type": "Feature", "properties": {"name": "Volgodonsk", "adm0_a3": "RUS", "pop_max": 167731}, "geometry": {"type": "Point", "coordinates": [42.159948, 47.50998]}}, {"type": "Feature", "properties": {"name": "Miass", "adm0_a3": "RUS", "pop_max": 167500}, "geometry": {"type": "Point", "coordinates": [60.094926, 54.995414]}}, {"type": "Feature", "properties": {"name": "Abakan", "adm0_a3": "RUS", "pop_max": 167289}, "geometry": {"type": "Point", "coordinates": [91.445002, 53.703685]}}, {"type": "Feature", "properties": {"name": "Novocherkassk", "adm0_a3": "RUS", "pop_max": 166974}, "geometry": {"type": "Point", "coordinates": [40.080024, 47.419959]}}, {"type": "Feature", "properties": {"name": "Norilsk", "adm0_a3": "RUS", "pop_max": 165873}, "geometry": {"type": "Point", "coordinates": [88.224992, 69.340017]}}, {"type": "Feature", "properties": {"name": "Rubtsovsk", "adm0_a3": "RUS", "pop_max": 161065}, "geometry": {"type": "Point", "coordinates": [81.21002, 51.520019]}}, {"type": "Feature", "properties": {"name": "Salavat", "adm0_a3": "RUS", "pop_max": 159893}, "geometry": {"type": "Point", "coordinates": [55.92996, 53.370346]}}, {"type": "Feature", "properties": {"name": "Nakhodka", "adm0_a3": "RUS", "pop_max": 159551}, "geometry": {"type": "Point", "coordinates": [77.51996, 67.750398]}}, {"type": "Feature", "properties": {"name": "Nakhodka", "adm0_a3": "RUS", "pop_max": 159551}, "geometry": {"type": "Point", "coordinates": [132.887434, 42.837449]}}, {"type": "Feature", "properties": {"name": "Maykop", "adm0_a3": "RUS", "pop_max": 158451}, "geometry": {"type": "Point", "coordinates": [40.120021, 44.609976]}}, {"type": "Feature", "properties": {"name": "Ussuriysk", "adm0_a3": "RUS", "pop_max": 157068}, "geometry": {"type": "Point", "coordinates": [132.019993, 43.800025]}}, {"type": "Feature", "properties": {"name": "Kovrov", "adm0_a3": "RUS", "pop_max": 154224}, "geometry": {"type": "Point", "coordinates": [41.330025, 56.36037]}}, {"type": "Feature", "properties": {"name": "Novokuybishevsk", "adm0_a3": "RUS", "pop_max": 152334}, "geometry": {"type": "Point", "coordinates": [49.91994, 53.119999]}}, {"type": "Feature", "properties": {"name": "Kerch", "adm0_a3": "RUS", "pop_max": 152195}, "geometry": {"type": "Point", "coordinates": [36.488098, 45.368508]}}, {"type": "Feature", "properties": {"name": "Kolomna", "adm0_a3": "RUS", "pop_max": 147690}, "geometry": {"type": "Point", "coordinates": [38.78496, 55.079983]}}, {"type": "Feature", "properties": {"name": "Pyatigorsk", "adm0_a3": "RUS", "pop_max": 142865}, "geometry": {"type": "Point", "coordinates": [43.090021, 44.079957]}}, {"type": "Feature", "properties": {"name": "Arzamas", "adm0_a3": "RUS", "pop_max": 142597}, "geometry": {"type": "Point", "coordinates": [43.800003, 55.399989]}}, {"type": "Feature", "properties": {"name": "Almetyevsk", "adm0_a3": "RUS", "pop_max": 140437}, "geometry": {"type": "Point", "coordinates": [52.319948, 54.900407]}}, {"type": "Feature", "properties": {"name": "Orekhovo-Zuevo", "adm0_a3": "RUS", "pop_max": 140247}, "geometry": {"type": "Point", "coordinates": [38.979987, 55.820015]}}, {"type": "Feature", "properties": {"name": "Serpukhov", "adm0_a3": "RUS", "pop_max": 135584}, "geometry": {"type": "Point", "coordinates": [37.430004, 54.93038]}}, {"type": "Feature", "properties": {"name": "Nevinnomyssk", "adm0_a3": "RUS", "pop_max": 134380}, "geometry": {"type": "Point", "coordinates": [41.950039, 44.620053]}}, {"type": "Feature", "properties": {"name": "Pervouralsk", "adm0_a3": "RUS", "pop_max": 133600}, "geometry": {"type": "Point", "coordinates": [59.955038, 56.910026]}}, {"type": "Feature", "properties": {"name": "Kislovodsk", "adm0_a3": "RUS", "pop_max": 132771}, "geometry": {"type": "Point", "coordinates": [42.720017, 43.909967]}}, {"type": "Feature", "properties": {"name": "Dimitrovgrad", "adm0_a3": "RUS", "pop_max": 132226}, "geometry": {"type": "Point", "coordinates": [49.560013, 54.250421]}}, {"type": "Feature", "properties": {"name": "Murom", "adm0_a3": "RUS", "pop_max": 131287}, "geometry": {"type": "Point", "coordinates": [42.040007, 55.570418]}}, {"type": "Feature", "properties": {"name": "Novomoskovsk", "adm0_a3": "RUS", "pop_max": 130982}, "geometry": {"type": "Point", "coordinates": [38.289305, 54.010715]}}, {"type": "Feature", "properties": {"name": "Kamyshin", "adm0_a3": "RUS", "pop_max": 128626}, "geometry": {"type": "Point", "coordinates": [45.400009, 50.080391]}}, {"type": "Feature", "properties": {"name": "Neftekamsk", "adm0_a3": "RUS", "pop_max": 126805}, "geometry": {"type": "Point", "coordinates": [54.263086, 56.083513]}}, {"type": "Feature", "properties": {"name": "Achinsk", "adm0_a3": "RUS", "pop_max": 117634}, "geometry": {"type": "Point", "coordinates": [90.499995, 56.269988]}}, {"type": "Feature", "properties": {"name": "Vyborg", "adm0_a3": "RUS", "pop_max": 117201}, "geometry": {"type": "Point", "coordinates": [28.754927, 60.703877]}}, {"type": "Feature", "properties": {"name": "Cherkessk", "adm0_a3": "RUS", "pop_max": 116224}, "geometry": {"type": "Point", "coordinates": [42.060006, 44.290409]}}, {"type": "Feature", "properties": {"name": "Yelets", "adm0_a3": "RUS", "pop_max": 115919}, "geometry": {"type": "Point", "coordinates": [38.500017, 52.580006]}}, {"type": "Feature", "properties": {"name": "Tobolsk", "adm0_a3": "RUS", "pop_max": 113800}, "geometry": {"type": "Point", "coordinates": [68.264815, 58.199793]}}, {"type": "Feature", "properties": {"name": "Nefteyugansk", "adm0_a3": "RUS", "pop_max": 112632}, "geometry": {"type": "Point", "coordinates": [72.608008, 61.092018]}}, {"type": "Feature", "properties": {"name": "Noyabrsk", "adm0_a3": "RUS", "pop_max": 110572}, "geometry": {"type": "Point", "coordinates": [75.616511, 63.166544]}}, {"type": "Feature", "properties": {"name": "Bataysk", "adm0_a3": "RUS", "pop_max": 109962}, "geometry": {"type": "Point", "coordinates": [39.74485, 47.136824]}}, {"type": "Feature", "properties": {"name": "Sergiyev Posad", "adm0_a3": "RUS", "pop_max": 109252}, "geometry": {"type": "Point", "coordinates": [38.170011, 56.33001]}}, {"type": "Feature", "properties": {"name": "Leninsk Kuznetsky", "adm0_a3": "RUS", "pop_max": 109023}, "geometry": {"type": "Point", "coordinates": [86.169975, 54.660009]}}, {"type": "Feature", "properties": {"name": "Kyzyl", "adm0_a3": "RUS", "pop_max": 108240}, "geometry": {"type": "Point", "coordinates": [94.383066, 51.7067]}}, {"type": "Feature", "properties": {"name": "Oktyabrskiy", "adm0_a3": "RUS", "pop_max": 108200}, "geometry": {"type": "Point", "coordinates": [53.459982, 54.459969]}}, {"type": "Feature", "properties": {"name": "Guayaquil", "adm0_a3": "ECU", "pop_max": 2514000}, "geometry": {"type": "Point", "coordinates": [-79.921988, -2.218088]}}, {"type": "Feature", "properties": {"name": "Quito", "adm0_a3": "ECU", "pop_max": 1701000}, "geometry": {"type": "Point", "coordinates": [-78.501997, -0.213042]}}, {"type": "Feature", "properties": {"name": "Cuenca", "adm0_a3": "ECU", "pop_max": 286878}, "geometry": {"type": "Point", "coordinates": [-78.999995, -2.899992]}}, {"type": "Feature", "properties": {"name": "Ambato", "adm0_a3": "ECU", "pop_max": 281425}, "geometry": {"type": "Point", "coordinates": [-78.619992, -1.269601]}}, {"type": "Feature", "properties": {"name": "Portoviejo", "adm0_a3": "ECU", "pop_max": 213601}, "geometry": {"type": "Point", "coordinates": [-80.459983, -1.060001]}}, {"type": "Feature", "properties": {"name": "Machala", "adm0_a3": "ECU", "pop_max": 213034}, "geometry": {"type": "Point", "coordinates": [-79.959988, -3.260022]}}, {"type": "Feature", "properties": {"name": "Manta", "adm0_a3": "ECU", "pop_max": 183166}, "geometry": {"type": "Point", "coordinates": [-80.729967, -0.980006]}}, {"type": "Feature", "properties": {"name": "Sangolqu\u00ed", "adm0_a3": "ECU", "pop_max": 178582}, "geometry": {"type": "Point", "coordinates": [-78.45995, -0.310021]}}, {"type": "Feature", "properties": {"name": "Esmeraldas", "adm0_a3": "ECU", "pop_max": 173101}, "geometry": {"type": "Point", "coordinates": [-79.66998, 0.93042]}}, {"type": "Feature", "properties": {"name": "San Jos\u00e9", "adm0_a3": "CRI", "pop_max": 1284000}, "geometry": {"type": "Point", "coordinates": [-84.078814, 9.930371]}}, {"type": "Feature", "properties": {"name": "Alajuela", "adm0_a3": "CRI", "pop_max": 387743}, "geometry": {"type": "Point", "coordinates": [-84.230037, 10.02002]}}, {"type": "Feature", "properties": {"name": "Cartago", "adm0_a3": "CRI", "pop_max": 196946}, "geometry": {"type": "Point", "coordinates": [-83.929978, 9.869978]}}, {"type": "Feature", "properties": {"name": "Bogota", "adm0_a3": "COL", "pop_max": 7772000}, "geometry": {"type": "Point", "coordinates": [-74.08529, 4.598369]}}, {"type": "Feature", "properties": {"name": "Medell\u00edn", "adm0_a3": "COL", "pop_max": 3297000}, "geometry": {"type": "Point", "coordinates": [-75.576956, 6.276949]}}, {"type": "Feature", "properties": {"name": "Cali", "adm0_a3": "COL", "pop_max": 2254000}, "geometry": {"type": "Point", "coordinates": [-76.501912, 3.401905]}}, {"type": "Feature", "properties": {"name": "Barranquilla", "adm0_a3": "COL", "pop_max": 1798000}, "geometry": {"type": "Point", "coordinates": [-74.801913, 10.961934]}}, {"type": "Feature", "properties": {"name": "Bucaramanga", "adm0_a3": "COL", "pop_max": 1009000}, "geometry": {"type": "Point", "coordinates": [-73.127829, 7.132039]}}, {"type": "Feature", "properties": {"name": "Cartagena", "adm0_a3": "COL", "pop_max": 887000}, "geometry": {"type": "Point", "coordinates": [-75.516339, 10.401684]}}, {"type": "Feature", "properties": {"name": "C\u00facuta", "adm0_a3": "COL", "pop_max": 722146}, "geometry": {"type": "Point", "coordinates": [-72.519977, 7.920019]}}, {"type": "Feature", "properties": {"name": "Soledad", "adm0_a3": "COL", "pop_max": 698852}, "geometry": {"type": "Point", "coordinates": [-74.769994, 10.920017]}}, {"type": "Feature", "properties": {"name": "Pereira", "adm0_a3": "COL", "pop_max": 568750}, "geometry": {"type": "Point", "coordinates": [-75.679991, 4.81039]}}, {"type": "Feature", "properties": {"name": "Bello", "adm0_a3": "COL", "pop_max": 519670}, "geometry": {"type": "Point", "coordinates": [-75.569997, 6.329987]}}, {"type": "Feature", "properties": {"name": "Santa Marta", "adm0_a3": "COL", "pop_max": 431781}, "geometry": {"type": "Point", "coordinates": [-74.201657, 11.247206]}}, {"type": "Feature", "properties": {"name": "Ibagu\u00e9", "adm0_a3": "COL", "pop_max": 421685}, "geometry": {"type": "Point", "coordinates": [-75.232214, 4.438914]}}, {"type": "Feature", "properties": {"name": "Pasto", "adm0_a3": "COL", "pop_max": 382236}, "geometry": {"type": "Point", "coordinates": [-77.281107, 1.213607]}}, {"type": "Feature", "properties": {"name": "Manizales", "adm0_a3": "COL", "pop_max": 375848}, "geometry": {"type": "Point", "coordinates": [-75.52, 5.059987]}}, {"type": "Feature", "properties": {"name": "Villavicencio", "adm0_a3": "COL", "pop_max": 374763}, "geometry": {"type": "Point", "coordinates": [-73.634999, 4.153324]}}, {"type": "Feature", "properties": {"name": "Neiva", "adm0_a3": "COL", "pop_max": 352855}, "geometry": {"type": "Point", "coordinates": [-75.330245, 2.931047]}}, {"type": "Feature", "properties": {"name": "Armenia", "adm0_a3": "COL", "pop_max": 315328}, "geometry": {"type": "Point", "coordinates": [-75.681128, 4.534283]}}, {"type": "Feature", "properties": {"name": "Valledupar", "adm0_a3": "COL", "pop_max": 308237}, "geometry": {"type": "Point", "coordinates": [-73.25001, 10.479992]}}, {"type": "Feature", "properties": {"name": "T\u00f3rshavn", "adm0_a3": "FRO", "pop_max": 14398}, "geometry": {"type": "Point", "coordinates": [-6.820034, 62.030024]}}, {"type": "Feature", "properties": {"name": "N'Djamena", "adm0_a3": "TCD", "pop_max": 989000}, "geometry": {"type": "Point", "coordinates": [15.047202, 12.115042]}}, {"type": "Feature", "properties": {"name": "Bongor", "adm0_a3": "TCD", "pop_max": 193941}, "geometry": {"type": "Point", "coordinates": [15.387164, 10.285947]}}, {"type": "Feature", "properties": {"name": "Sarh", "adm0_a3": "TCD", "pop_max": 169196}, "geometry": {"type": "Point", "coordinates": [18.39003, 9.14997]}}, {"type": "Feature", "properties": {"name": "Ab\u00e9ch\u00e9", "adm0_a3": "TCD", "pop_max": 158317}, "geometry": {"type": "Point", "coordinates": [20.829984, 13.839994]}}, {"type": "Feature", "properties": {"name": "Berlin", "adm0_a3": "DEU", "pop_max": 3406000}, "geometry": {"type": "Point", "coordinates": [13.399603, 52.523764]}}, {"type": "Feature", "properties": {"name": "Stuttgart", "adm0_a3": "DEU", "pop_max": 2944700}, "geometry": {"type": "Point", "coordinates": [9.199996, 48.77998]}}, {"type": "Feature", "properties": {"name": "Frankfurt", "adm0_a3": "DEU", "pop_max": 2895000}, "geometry": {"type": "Point", "coordinates": [8.675015, 50.099977]}}, {"type": "Feature", "properties": {"name": "Mannheim", "adm0_a3": "DEU", "pop_max": 2362000}, "geometry": {"type": "Point", "coordinates": [8.470015, 49.500375]}}, {"type": "Feature", "properties": {"name": "Hamburg", "adm0_a3": "DEU", "pop_max": 1757000}, "geometry": {"type": "Point", "coordinates": [9.998053, 53.551971]}}, {"type": "Feature", "properties": {"name": "Essen", "adm0_a3": "DEU", "pop_max": 1742135}, "geometry": {"type": "Point", "coordinates": [7.016615, 51.449998]}}, {"type": "Feature", "properties": {"name": "Duisburg", "adm0_a3": "DEU", "pop_max": 1276757}, "geometry": {"type": "Point", "coordinates": [6.750017, 51.429973]}}, {"type": "Feature", "properties": {"name": "Munich", "adm0_a3": "DEU", "pop_max": 1275000}, "geometry": {"type": "Point", "coordinates": [11.573048, 48.131888]}}, {"type": "Feature", "properties": {"name": "D\u00fcsseldorf", "adm0_a3": "DEU", "pop_max": 1220000}, "geometry": {"type": "Point", "coordinates": [6.779989, 51.220374]}}, {"type": "Feature", "properties": {"name": "Cologne", "adm0_a3": "DEU", "pop_max": 1004000}, "geometry": {"type": "Point", "coordinates": [6.948059, 50.93195]}}, {"type": "Feature", "properties": {"name": "Wuppertal", "adm0_a3": "DEU", "pop_max": 776525}, "geometry": {"type": "Point", "coordinates": [7.169991, 51.25001]}}, {"type": "Feature", "properties": {"name": "Saarbr\u00fccken", "adm0_a3": "DEU", "pop_max": 770001}, "geometry": {"type": "Point", "coordinates": [6.970003, 49.25039]}}, {"type": "Feature", "properties": {"name": "N\u00fcrnberg", "adm0_a3": "DEU", "pop_max": 737304}, "geometry": {"type": "Point", "coordinates": [11.079985, 49.449991]}}, {"type": "Feature", "properties": {"name": "Bremen", "adm0_a3": "DEU", "pop_max": 724909}, "geometry": {"type": "Point", "coordinates": [8.800021, 53.080002]}}, {"type": "Feature", "properties": {"name": "Prague", "adm0_a3": "CZE", "pop_max": 1162000}, "geometry": {"type": "Point", "coordinates": [14.422939, 50.086967]}}, {"type": "Feature", "properties": {"name": "Ostrava", "adm0_a3": "CZE", "pop_max": 478963}, "geometry": {"type": "Point", "coordinates": [18.249986, 49.830355]}}, {"type": "Feature", "properties": {"name": "Brno", "adm0_a3": "CZE", "pop_max": 388277}, "geometry": {"type": "Point", "coordinates": [16.609983, 49.200393]}}, {"type": "Feature", "properties": {"name": "Nouakchott", "adm0_a3": "MRT", "pop_max": 742144}, "geometry": {"type": "Point", "coordinates": [-15.97534, 18.086427]}}, {"type": "Feature", "properties": {"name": "Saint-Louis", "adm0_a3": "MRT", "pop_max": 220792}, "geometry": {"type": "Point", "coordinates": [-16.510011, 16.01999]}}, {"type": "Feature", "properties": {"name": "Nema", "adm0_a3": "MRT", "pop_max": 200000}, "geometry": {"type": "Point", "coordinates": [-7.250007, 16.617059]}}, {"type": "Feature", "properties": {"name": "Nouadhibou", "adm0_a3": "MRT", "pop_max": 86738}, "geometry": {"type": "Point", "coordinates": [-17.056024, 20.900002]}}, {"type": "Feature", "properties": {"name": "Kiffa", "adm0_a3": "MRT", "pop_max": 73930}, "geometry": {"type": "Point", "coordinates": [-11.399987, 16.619979]}}, {"type": "Feature", "properties": {"name": "Baghdad", "adm0_a3": "IRQ", "pop_max": 5054000}, "geometry": {"type": "Point", "coordinates": [44.391923, 33.340594]}}, {"type": "Feature", "properties": {"name": "Mosul", "adm0_a3": "IRQ", "pop_max": 1316000}, "geometry": {"type": "Point", "coordinates": [43.143059, 36.346948]}}, {"type": "Feature", "properties": {"name": "Duhok", "adm0_a3": "IRQ", "pop_max": 986000}, "geometry": {"type": "Point", "coordinates": [43.000003, 36.8667]}}, {"type": "Feature", "properties": {"name": "Irbil", "adm0_a3": "IRQ", "pop_max": 926000}, "geometry": {"type": "Point", "coordinates": [44.006675, 36.18099]}}, {"type": "Feature", "properties": {"name": "Basra", "adm0_a3": "IRQ", "pop_max": 870000}, "geometry": {"type": "Point", "coordinates": [47.811611, 30.51547]}}, {"type": "Feature", "properties": {"name": "As Sulaymaniyah", "adm0_a3": "IRQ", "pop_max": 723170}, "geometry": {"type": "Point", "coordinates": [45.43086, 35.561278]}}, {"type": "Feature", "properties": {"name": "Addis Ababa", "adm0_a3": "ETH", "pop_max": 3100000}, "geometry": {"type": "Point", "coordinates": [38.698059, 9.035256]}}, {"type": "Feature", "properties": {"name": "Nazret", "adm0_a3": "ETH", "pop_max": 476892}, "geometry": {"type": "Point", "coordinates": [39.269996, 8.549981]}}, {"type": "Feature", "properties": {"name": "Dire Dawa", "adm0_a3": "ETH", "pop_max": 252279}, "geometry": {"type": "Point", "coordinates": [41.860018, 9.589995]}}, {"type": "Feature", "properties": {"name": "Bahir Dar", "adm0_a3": "ETH", "pop_max": 206748}, "geometry": {"type": "Point", "coordinates": [37.383289, 11.600053]}}, {"type": "Feature", "properties": {"name": "Dese", "adm0_a3": "ETH", "pop_max": 183802}, "geometry": {"type": "Point", "coordinates": [39.630025, 11.129978]}}, {"type": "Feature", "properties": {"name": "Harar", "adm0_a3": "ETH", "pop_max": 174994}, "geometry": {"type": "Point", "coordinates": [42.150026, 9.319959]}}, {"type": "Feature", "properties": {"name": "Gondar", "adm0_a3": "ETH", "pop_max": 156230}, "geometry": {"type": "Point", "coordinates": [37.460028, 12.610043]}}, {"type": "Feature", "properties": {"name": "Awasa", "adm0_a3": "ETH", "pop_max": 133097}, "geometry": {"type": "Point", "coordinates": [38.476999, 7.059996]}}, {"type": "Feature", "properties": {"name": "Almaty", "adm0_a3": "KAZ", "pop_max": 1209000}, "geometry": {"type": "Point", "coordinates": [76.91309, 43.326936]}}, {"type": "Feature", "properties": {"name": "Shymkent", "adm0_a3": "KAZ", "pop_max": 465392}, "geometry": {"type": "Point", "coordinates": [69.595018, 42.320012]}}, {"type": "Feature", "properties": {"name": "Qaraghandy", "adm0_a3": "KAZ", "pop_max": 451800}, "geometry": {"type": "Point", "coordinates": [73.11501, 49.884977]}}, {"type": "Feature", "properties": {"name": "Taraz", "adm0_a3": "KAZ", "pop_max": 358153}, "geometry": {"type": "Point", "coordinates": [71.364987, 42.899977]}}, {"type": "Feature", "properties": {"name": "Nur-Sultan", "adm0_a3": "KAZ", "pop_max": 345604}, "geometry": {"type": "Point", "coordinates": [71.427774, 51.181125]}}, {"type": "Feature", "properties": {"name": "Pavlodar", "adm0_a3": "KAZ", "pop_max": 329002}, "geometry": {"type": "Point", "coordinates": [76.950021, 52.299998]}}, {"type": "Feature", "properties": {"name": "Oskemen", "adm0_a3": "KAZ", "pop_max": 319067}, "geometry": {"type": "Point", "coordinates": [82.614947, 49.990035]}}, {"type": "Feature", "properties": {"name": "Semey", "adm0_a3": "KAZ", "pop_max": 311353}, "geometry": {"type": "Point", "coordinates": [80.275038, 50.434995]}}, {"type": "Feature", "properties": {"name": "Qyzylorda", "adm0_a3": "KAZ", "pop_max": 300000}, "geometry": {"type": "Point", "coordinates": [65.464986, 44.800016]}}, {"type": "Feature", "properties": {"name": "Aqtobe", "adm0_a3": "KAZ", "pop_max": 262457}, "geometry": {"type": "Point", "coordinates": [57.169988, 50.280017]}}, {"type": "Feature", "properties": {"name": "Oostanay", "adm0_a3": "KAZ", "pop_max": 236901}, "geometry": {"type": "Point", "coordinates": [63.628302, 53.220897]}}, {"type": "Feature", "properties": {"name": "Petropavlovsk", "adm0_a3": "KAZ", "pop_max": 228238}, "geometry": {"type": "Point", "coordinates": [69.220002, 54.879995]}}, {"type": "Feature", "properties": {"name": "Oral", "adm0_a3": "KAZ", "pop_max": 209788}, "geometry": {"type": "Point", "coordinates": [51.334995, 51.27112]}}, {"type": "Feature", "properties": {"name": "Atyrau", "adm0_a3": "KAZ", "pop_max": 182753}, "geometry": {"type": "Point", "coordinates": [51.920024, 47.112691]}}, {"type": "Feature", "properties": {"name": "Temirtau", "adm0_a3": "KAZ", "pop_max": 170600}, "geometry": {"type": "Point", "coordinates": [72.964993, 50.065018]}}, {"type": "Feature", "properties": {"name": "Mangyshlak", "adm0_a3": "KAZ", "pop_max": 147443}, "geometry": {"type": "Point", "coordinates": [51.141736, 43.690455]}}, {"type": "Feature", "properties": {"name": "Kokshetau", "adm0_a3": "KAZ", "pop_max": 128873}, "geometry": {"type": "Point", "coordinates": [69.41999, 53.299988]}}, {"type": "Feature", "properties": {"name": "Ekibastuz", "adm0_a3": "KAZ", "pop_max": 127868}, "geometry": {"type": "Point", "coordinates": [75.31994, 51.729981]}}, {"type": "Feature", "properties": {"name": "Rudniy", "adm0_a3": "KAZ", "pop_max": 124000}, "geometry": {"type": "Point", "coordinates": [63.130038, 52.952697]}}, {"type": "Feature", "properties": {"name": "Zhezqazghan", "adm0_a3": "KAZ", "pop_max": 104357}, "geometry": {"type": "Point", "coordinates": [67.770013, 47.779989]}}, {"type": "Feature", "properties": {"name": "Turkistan", "adm0_a3": "KAZ", "pop_max": 97360}, "geometry": {"type": "Point", "coordinates": [68.254893, 43.301555]}}, {"type": "Feature", "properties": {"name": "Taldyqorghan", "adm0_a3": "KAZ", "pop_max": 88380}, "geometry": {"type": "Point", "coordinates": [78.40001, 45.000004]}}, {"type": "Feature", "properties": {"name": "Balqash", "adm0_a3": "KAZ", "pop_max": 81364}, "geometry": {"type": "Point", "coordinates": [74.950247, 46.853224]}}, {"type": "Feature", "properties": {"name": "Sarqan", "adm0_a3": "KAZ", "pop_max": 76919}, "geometry": {"type": "Point", "coordinates": [79.914905, 45.42034]}}, {"type": "Feature", "properties": {"name": "Tehran", "adm0_a3": "IRN", "pop_max": 7873000}, "geometry": {"type": "Point", "coordinates": [51.422398, 35.673889]}}, {"type": "Feature", "properties": {"name": "Mashhad", "adm0_a3": "IRN", "pop_max": 2469000}, "geometry": {"type": "Point", "coordinates": [59.568051, 36.271966]}}, {"type": "Feature", "properties": {"name": "Isfahan", "adm0_a3": "IRN", "pop_max": 1628000}, "geometry": {"type": "Point", "coordinates": [51.698092, 32.701951]}}, {"type": "Feature", "properties": {"name": "Karaj", "adm0_a3": "IRN", "pop_max": 1423000}, "geometry": {"type": "Point", "coordinates": [50.968059, 35.802305]}}, {"type": "Feature", "properties": {"name": "Tabriz", "adm0_a3": "IRN", "pop_max": 1413000}, "geometry": {"type": "Point", "coordinates": [46.2993, 38.088237]}}, {"type": "Feature", "properties": {"name": "Shiraz", "adm0_a3": "IRN", "pop_max": 1240000}, "geometry": {"type": "Point", "coordinates": [52.568065, 29.631906]}}, {"type": "Feature", "properties": {"name": "Ahvaz", "adm0_a3": "IRN", "pop_max": 996000}, "geometry": {"type": "Point", "coordinates": [48.718067, 31.281934]}}, {"type": "Feature", "properties": {"name": "Qom", "adm0_a3": "IRN", "pop_max": 973000}, "geometry": {"type": "Point", "coordinates": [50.94806, 34.651961]}}, {"type": "Feature", "properties": {"name": "Kermanshah", "adm0_a3": "IRN", "pop_max": 828313}, "geometry": {"type": "Point", "coordinates": [47.058065, 34.381952]}}, {"type": "Feature", "properties": {"name": "Zahedan", "adm0_a3": "IRN", "pop_max": 598887}, "geometry": {"type": "Point", "coordinates": [60.830023, 29.499994]}}, {"type": "Feature", "properties": {"name": "Rasht", "adm0_a3": "IRN", "pop_max": 594590}, "geometry": {"type": "Point", "coordinates": [49.629983, 37.299983]}}, {"type": "Feature", "properties": {"name": "Kerman", "adm0_a3": "IRN", "pop_max": 577514}, "geometry": {"type": "Point", "coordinates": [57.080019, 30.299997]}}, {"type": "Feature", "properties": {"name": "Urmia", "adm0_a3": "IRN", "pop_max": 577307}, "geometry": {"type": "Point", "coordinates": [44.999982, 37.529995]}}, {"type": "Feature", "properties": {"name": "Hamadan", "adm0_a3": "IRN", "pop_max": 528256}, "geometry": {"type": "Point", "coordinates": [48.515013, 34.796027]}}, {"type": "Feature", "properties": {"name": "Arak", "adm0_a3": "IRN", "pop_max": 503647}, "geometry": {"type": "Point", "coordinates": [49.700005, 34.080412]}}, {"type": "Feature", "properties": {"name": "Mumbai", "adm0_a3": "IND", "pop_max": 18978000}, "geometry": {"type": "Point", "coordinates": [72.875839, 19.068408]}}, {"type": "Feature", "properties": {"name": "Delhi", "adm0_a3": "IND", "pop_max": 15926000}, "geometry": {"type": "Point", "coordinates": [77.228058, 28.671939]}}, {"type": "Feature", "properties": {"name": "Kolkata", "adm0_a3": "IND", "pop_max": 14787000}, "geometry": {"type": "Point", "coordinates": [88.369126, 22.569579]}}, {"type": "Feature", "properties": {"name": "Chennai", "adm0_a3": "IND", "pop_max": 7163000}, "geometry": {"type": "Point", "coordinates": [80.278053, 13.091934]}}, {"type": "Feature", "properties": {"name": "Bengaluru", "adm0_a3": "IND", "pop_max": 6787000}, "geometry": {"type": "Point", "coordinates": [77.558064, 12.971941]}}, {"type": "Feature", "properties": {"name": "Hyderabad", "adm0_a3": "IND", "pop_max": 6376000}, "geometry": {"type": "Point", "coordinates": [78.478008, 17.401929]}}, {"type": "Feature", "properties": {"name": "Amaravati", "adm0_a3": "IND", "pop_max": 5800000}, "geometry": {"type": "Point", "coordinates": [80.52432, 16.533658]}}, {"type": "Feature", "properties": {"name": "Ahmedabad", "adm0_a3": "IND", "pop_max": 5375000}, "geometry": {"type": "Point", "coordinates": [72.578058, 23.031999]}}, {"type": "Feature", "properties": {"name": "Haora", "adm0_a3": "IND", "pop_max": 4841638}, "geometry": {"type": "Point", "coordinates": [88.318516, 22.584698]}}, {"type": "Feature", "properties": {"name": "Pune", "adm0_a3": "IND", "pop_max": 4672000}, "geometry": {"type": "Point", "coordinates": [73.851892, 18.516394]}}, {"type": "Feature", "properties": {"name": "Surat", "adm0_a3": "IND", "pop_max": 3842000}, "geometry": {"type": "Point", "coordinates": [72.838094, 21.20193]}}, {"type": "Feature", "properties": {"name": "Kanpur", "adm0_a3": "IND", "pop_max": 3162000}, "geometry": {"type": "Point", "coordinates": [80.31805, 26.461945]}}, {"type": "Feature", "properties": {"name": "Jaipur", "adm0_a3": "IND", "pop_max": 2917000}, "geometry": {"type": "Point", "coordinates": [75.808042, 26.923079]}}, {"type": "Feature", "properties": {"name": "Lucknow", "adm0_a3": "IND", "pop_max": 2695000}, "geometry": {"type": "Point", "coordinates": [80.913053, 26.856985]}}, {"type": "Feature", "properties": {"name": "Nagpur", "adm0_a3": "IND", "pop_max": 2454000}, "geometry": {"type": "Point", "coordinates": [79.088048, 21.171906]}}, {"type": "Feature", "properties": {"name": "Patna", "adm0_a3": "IND", "pop_max": 2158000}, "geometry": {"type": "Point", "coordinates": [85.128093, 25.626905]}}, {"type": "Feature", "properties": {"name": "Indore", "adm0_a3": "IND", "pop_max": 2026000}, "geometry": {"type": "Point", "coordinates": [75.863077, 22.717005]}}, {"type": "Feature", "properties": {"name": "Vadodara", "adm0_a3": "IND", "pop_max": 1756000}, "geometry": {"type": "Point", "coordinates": [73.178073, 22.311965]}}, {"type": "Feature", "properties": {"name": "Bhopal", "adm0_a3": "IND", "pop_max": 1727000}, "geometry": {"type": "Point", "coordinates": [77.408047, 23.251934]}}, {"type": "Feature", "properties": {"name": "Coimbatore", "adm0_a3": "IND", "pop_max": 1696000}, "geometry": {"type": "Point", "coordinates": [76.948075, 11.001906]}}, {"type": "Feature", "properties": {"name": "Ludhiana", "adm0_a3": "IND", "pop_max": 1649000}, "geometry": {"type": "Point", "coordinates": [75.870312, 30.929708]}}, {"type": "Feature", "properties": {"name": "Agra", "adm0_a3": "IND", "pop_max": 1592000}, "geometry": {"type": "Point", "coordinates": [78.013075, 27.172366]}}, {"type": "Feature", "properties": {"name": "Kalyan", "adm0_a3": "IND", "pop_max": 1576614}, "geometry": {"type": "Point", "coordinates": [73.160175, 19.250232]}}, {"type": "Feature", "properties": {"name": "Vishakhapatnam", "adm0_a3": "IND", "pop_max": 1529000}, "geometry": {"type": "Point", "coordinates": [83.219848, 17.682903]}}, {"type": "Feature", "properties": {"name": "Kochi", "adm0_a3": "IND", "pop_max": 1519000}, "geometry": {"type": "Point", "coordinates": [76.22197, 10.016953]}}, {"type": "Feature", "properties": {"name": "Nasik", "adm0_a3": "IND", "pop_max": 1473000}, "geometry": {"type": "Point", "coordinates": [73.778036, 20.002365]}}, {"type": "Feature", "properties": {"name": "Meerut", "adm0_a3": "IND", "pop_max": 1398000}, "geometry": {"type": "Point", "coordinates": [77.698055, 29.002358]}}, {"type": "Feature", "properties": {"name": "Faridabad", "adm0_a3": "IND", "pop_max": 1394000}, "geometry": {"type": "Point", "coordinates": [77.314721, 28.435279]}}, {"type": "Feature", "properties": {"name": "Varanasi", "adm0_a3": "IND", "pop_max": 1352000}, "geometry": {"type": "Point", "coordinates": [82.998094, 25.331936]}}, {"type": "Feature", "properties": {"name": "Ghaziabad", "adm0_a3": "IND", "pop_max": 1341000}, "geometry": {"type": "Point", "coordinates": [77.406445, 28.662327]}}, {"type": "Feature", "properties": {"name": "Asansol", "adm0_a3": "IND", "pop_max": 1328000}, "geometry": {"type": "Point", "coordinates": [86.981387, 23.685279]}}, {"type": "Feature", "properties": {"name": "Jamshedpur", "adm0_a3": "IND", "pop_max": 1300000}, "geometry": {"type": "Point", "coordinates": [86.195573, 22.789481]}}, {"type": "Feature", "properties": {"name": "Madurai", "adm0_a3": "IND", "pop_max": 1294000}, "geometry": {"type": "Point", "coordinates": [78.118081, 9.921972]}}, {"type": "Feature", "properties": {"name": "Jabalpur", "adm0_a3": "IND", "pop_max": 1285000}, "geometry": {"type": "Point", "coordinates": [79.953112, 23.177003]}}, {"type": "Feature", "properties": {"name": "Rajkot", "adm0_a3": "IND", "pop_max": 1260000}, "geometry": {"type": "Point", "coordinates": [70.798063, 22.311965]}}, {"type": "Feature", "properties": {"name": "Dhanbad", "adm0_a3": "IND", "pop_max": 1246000}, "geometry": {"type": "Point", "coordinates": [86.41804, 23.802339]}}, {"type": "Feature", "properties": {"name": "Amritsar", "adm0_a3": "IND", "pop_max": 1212000}, "geometry": {"type": "Point", "coordinates": [74.868047, 31.641938]}}, {"type": "Feature", "properties": {"name": "Warangal", "adm0_a3": "IND", "pop_max": 1203853}, "geometry": {"type": "Point", "coordinates": [79.57999, 18.009998]}}, {"type": "Feature", "properties": {"name": "Allahabad", "adm0_a3": "IND", "pop_max": 1201000}, "geometry": {"type": "Point", "coordinates": [81.838061, 25.456941]}}, {"type": "Feature", "properties": {"name": "Srinagar", "adm0_a3": "IND", "pop_max": 1140000}, "geometry": {"type": "Point", "coordinates": [74.828309, 34.069474]}}, {"type": "Feature", "properties": {"name": "Vijayawada", "adm0_a3": "IND", "pop_max": 1137000}, "geometry": {"type": "Point", "coordinates": [80.628057, 16.521905]}}, {"type": "Feature", "properties": {"name": "Aurangabad", "adm0_a3": "IND", "pop_max": 1113000}, "geometry": {"type": "Point", "coordinates": [75.328948, 19.861686]}}, {"type": "Feature", "properties": {"name": "Bhilai", "adm0_a3": "IND", "pop_max": 1097000}, "geometry": {"type": "Point", "coordinates": [81.372213, 21.211262]}}, {"type": "Feature", "properties": {"name": "Sholapur", "adm0_a3": "IND", "pop_max": 1057000}, "geometry": {"type": "Point", "coordinates": [75.898062, 17.672352]}}, {"type": "Feature", "properties": {"name": "Ranchi", "adm0_a3": "IND", "pop_max": 1044000}, "geometry": {"type": "Point", "coordinates": [85.32808, 23.371952]}}, {"type": "Feature", "properties": {"name": "Jodhpur", "adm0_a3": "IND", "pop_max": 995000}, "geometry": {"type": "Point", "coordinates": [73.014827, 26.293712]}}, {"type": "Feature", "properties": {"name": "Guwahati", "adm0_a3": "IND", "pop_max": 983000}, "geometry": {"type": "Point", "coordinates": [91.768049, 26.161963]}}, {"type": "Feature", "properties": {"name": "Chandigarh", "adm0_a3": "IND", "pop_max": 979000}, "geometry": {"type": "Point", "coordinates": [76.77806, 30.721943]}}, {"type": "Feature", "properties": {"name": "Gwalior", "adm0_a3": "IND", "pop_max": 978000}, "geometry": {"type": "Point", "coordinates": [78.169197, 26.200035]}}, {"type": "Feature", "properties": {"name": "Thiruvananthapuram", "adm0_a3": "IND", "pop_max": 954000}, "geometry": {"type": "Point", "coordinates": [76.925191, 8.515521]}}, {"type": "Feature", "properties": {"name": "Kozhikode", "adm0_a3": "IND", "pop_max": 953000}, "geometry": {"type": "Point", "coordinates": [75.768044, 11.252382]}}, {"type": "Feature", "properties": {"name": "Tiruchirappalli", "adm0_a3": "IND", "pop_max": 951000}, "geometry": {"type": "Point", "coordinates": [78.687512, 10.800541]}}, {"type": "Feature", "properties": {"name": "Hubballi", "adm0_a3": "IND", "pop_max": 890000}, "geometry": {"type": "Point", "coordinates": [75.12307, 15.361924]}}, {"type": "Feature", "properties": {"name": "Bangui", "adm0_a3": "CAF", "pop_max": 831925}, "geometry": {"type": "Point", "coordinates": [18.558288, 4.366644]}}, {"type": "Feature", "properties": {"name": "Mba\u00efki", "adm0_a3": "CAF", "pop_max": 67132}, "geometry": {"type": "Point", "coordinates": [17.999976, 3.870421]}}, {"type": "Feature", "properties": {"name": "Bossangoa", "adm0_a3": "CAF", "pop_max": 63064}, "geometry": {"type": "Point", "coordinates": [17.449984, 6.483724]}}, {"type": "Feature", "properties": {"name": "Bambari", "adm0_a3": "CAF", "pop_max": 62098}, "geometry": {"type": "Point", "coordinates": [20.667203, 5.76196]}}, {"type": "Feature", "properties": {"name": "Berb\u00e9rati", "adm0_a3": "CAF", "pop_max": 61815}, "geometry": {"type": "Point", "coordinates": [15.780008, 4.249959]}}, {"type": "Feature", "properties": {"name": "Belize City", "adm0_a3": "BLZ", "pop_max": 63028}, "geometry": {"type": "Point", "coordinates": [-88.188374, 17.498711]}}, {"type": "Feature", "properties": {"name": "Gaborone", "adm0_a3": "BWA", "pop_max": 208411}, "geometry": {"type": "Point", "coordinates": [25.911948, -24.646314]}}, {"type": "Feature", "properties": {"name": "Francistown", "adm0_a3": "BWA", "pop_max": 89979}, "geometry": {"type": "Point", "coordinates": [27.500016, -21.17004]}}, {"type": "Feature", "properties": {"name": "Lobatse", "adm0_a3": "BWA", "pop_max": 69804}, "geometry": {"type": "Point", "coordinates": [25.680024, -25.219612]}}, {"type": "Feature", "properties": {"name": "Molepolole", "adm0_a3": "BWA", "pop_max": 63248}, "geometry": {"type": "Point", "coordinates": [25.510009, -24.399972]}}, {"type": "Feature", "properties": {"name": "Mahalapye", "adm0_a3": "BWA", "pop_max": 50744}, "geometry": {"type": "Point", "coordinates": [26.820006, -23.1]}}, {"type": "Feature", "properties": {"name": "Taipei", "adm0_a3": "TWN", "pop_max": 6900273}, "geometry": {"type": "Point", "coordinates": [121.568333, 25.035833]}}, {"type": "Feature", "properties": {"name": "New Taipei", "adm0_a3": "TWN", "pop_max": 3893740}, "geometry": {"type": "Point", "coordinates": [121.465, 25.012778]}}, {"type": "Feature", "properties": {"name": "Kaohsiung", "adm0_a3": "TWN", "pop_max": 2769072}, "geometry": {"type": "Point", "coordinates": [120.266602, 22.633307]}}, {"type": "Feature", "properties": {"name": "Taichung", "adm0_a3": "TWN", "pop_max": 2629323}, "geometry": {"type": "Point", "coordinates": [120.681667, 24.152078]}}, {"type": "Feature", "properties": {"name": "Tainan", "adm0_a3": "TWN", "pop_max": 1876312}, "geometry": {"type": "Point", "coordinates": [120.200043, 23.000003]}}, {"type": "Feature", "properties": {"name": "Zhongli", "adm0_a3": "TWN", "pop_max": 1632616}, "geometry": {"type": "Point", "coordinates": [121.216776, 24.965025]}}, {"type": "Feature", "properties": {"name": "New York", "adm0_a3": "USA", "pop_max": 19040000}, "geometry": {"type": "Point", "coordinates": [-73.995718, 40.721562]}}, {"type": "Feature", "properties": {"name": "Los Angeles", "adm0_a3": "USA", "pop_max": 12500000}, "geometry": {"type": "Point", "coordinates": [-118.231986, 34.049219]}}, {"type": "Feature", "properties": {"name": "Chicago", "adm0_a3": "USA", "pop_max": 8990000}, "geometry": {"type": "Point", "coordinates": [-87.635237, 41.847961]}}, {"type": "Feature", "properties": {"name": "Miami", "adm0_a3": "USA", "pop_max": 5585000}, "geometry": {"type": "Point", "coordinates": [-80.226052, 25.789557]}}, {"type": "Feature", "properties": {"name": "Philadelphia", "adm0_a3": "USA", "pop_max": 5492000}, "geometry": {"type": "Point", "coordinates": [-75.179841, 39.945942]}}, {"type": "Feature", "properties": {"name": "Dallas", "adm0_a3": "USA", "pop_max": 4798000}, "geometry": {"type": "Point", "coordinates": [-96.794687, 32.771958]}}, {"type": "Feature", "properties": {"name": "Atlanta", "adm0_a3": "USA", "pop_max": 4506000}, "geometry": {"type": "Point", "coordinates": [-84.367642, 33.739457]}}, {"type": "Feature", "properties": {"name": "Boston", "adm0_a3": "USA", "pop_max": 4467000}, "geometry": {"type": "Point", "coordinates": [-71.07196, 42.331906]}}, {"type": "Feature", "properties": {"name": "Houston", "adm0_a3": "USA", "pop_max": 4459000}, "geometry": {"type": "Point", "coordinates": [-95.348436, 29.741273]}}, {"type": "Feature", "properties": {"name": "Washington,  D.C.", "adm0_a3": "USA", "pop_max": 4338000}, "geometry": {"type": "Point", "coordinates": [-77.011364, 38.901495]}}, {"type": "Feature", "properties": {"name": "Detroit", "adm0_a3": "USA", "pop_max": 4101000}, "geometry": {"type": "Point", "coordinates": [-83.051334, 42.333558]}}, {"type": "Feature", "properties": {"name": "Phoenix", "adm0_a3": "USA", "pop_max": 3551000}, "geometry": {"type": "Point", "coordinates": [-112.067365, 33.448322]}}, {"type": "Feature", "properties": {"name": "San Francisco", "adm0_a3": "USA", "pop_max": 3450000}, "geometry": {"type": "Point", "coordinates": [-122.3996, 37.784263]}}, {"type": "Feature", "properties": {"name": "Seattle", "adm0_a3": "USA", "pop_max": 3074000}, "geometry": {"type": "Point", "coordinates": [-122.315322, 47.600423]}}, {"type": "Feature", "properties": {"name": "Irvine", "adm0_a3": "USA", "pop_max": 3010232}, "geometry": {"type": "Point", "coordinates": [-117.82995, 33.680411]}}, {"type": "Feature", "properties": {"name": "San Diego", "adm0_a3": "USA", "pop_max": 2916000}, "geometry": {"type": "Point", "coordinates": [-117.150881, 32.718914]}}, {"type": "Feature", "properties": {"name": "Minneapolis", "adm0_a3": "USA", "pop_max": 2616000}, "geometry": {"type": "Point", "coordinates": [-93.253732, 44.981925]}}, {"type": "Feature", "properties": {"name": "Tampa", "adm0_a3": "USA", "pop_max": 2314000}, "geometry": {"type": "Point", "coordinates": [-82.460567, 27.948934]}}, {"type": "Feature", "properties": {"name": "Denver", "adm0_a3": "USA", "pop_max": 2313000}, "geometry": {"type": "Point", "coordinates": [-104.985962, 39.741134]}}, {"type": "Feature", "properties": {"name": "Baltimore", "adm0_a3": "USA", "pop_max": 2255000}, "geometry": {"type": "Point", "coordinates": [-76.614582, 39.281516]}}, {"type": "Feature", "properties": {"name": "St. Louis", "adm0_a3": "USA", "pop_max": 2199000}, "geometry": {"type": "Point", "coordinates": [-90.241926, 38.636964]}}, {"type": "Feature", "properties": {"name": "Fort Lauderdale", "adm0_a3": "USA", "pop_max": 2042042}, "geometry": {"type": "Point", "coordinates": [-80.141785, 26.136065]}}, {"type": "Feature", "properties": {"name": "Long Beach", "adm0_a3": "USA", "pop_max": 2036134}, "geometry": {"type": "Point", "coordinates": [-118.200337, 33.777018]}}, {"type": "Feature", "properties": {"name": "Cleveland", "adm0_a3": "USA", "pop_max": 1890000}, "geometry": {"type": "Point", "coordinates": [-81.696944, 41.471933]}}, {"type": "Feature", "properties": {"name": "Portland", "adm0_a3": "USA", "pop_max": 1875000}, "geometry": {"type": "Point", "coordinates": [-122.681936, 45.52197]}}, {"type": "Feature", "properties": {"name": "Pittsburgh", "adm0_a3": "USA", "pop_max": 1838000}, "geometry": {"type": "Point", "coordinates": [-80.001931, 40.431945]}}, {"type": "Feature", "properties": {"name": "Las Vegas", "adm0_a3": "USA", "pop_max": 1823000}, "geometry": {"type": "Point", "coordinates": [-115.151362, 36.164763]}}, {"type": "Feature", "properties": {"name": "San Bernardino", "adm0_a3": "USA", "pop_max": 1745000}, "geometry": {"type": "Point", "coordinates": [-117.30198, 34.12233]}}, {"type": "Feature", "properties": {"name": "San Jose", "adm0_a3": "USA", "pop_max": 1668000}, "geometry": {"type": "Point", "coordinates": [-121.888179, 37.330943]}}, {"type": "Feature", "properties": {"name": "Cincinnati", "adm0_a3": "USA", "pop_max": 1636000}, "geometry": {"type": "Point", "coordinates": [-84.458868, 39.163831]}}, {"type": "Feature", "properties": {"name": "Sacramento", "adm0_a3": "USA", "pop_max": 1604000}, "geometry": {"type": "Point", "coordinates": [-121.471984, 38.576967]}}, {"type": "Feature", "properties": {"name": "Oakland", "adm0_a3": "USA", "pop_max": 1510271}, "geometry": {"type": "Point", "coordinates": [-122.278038, 37.804725]}}, {"type": "Feature", "properties": {"name": "Virginia Beach", "adm0_a3": "USA", "pop_max": 1491000}, "geometry": {"type": "Point", "coordinates": [-75.980265, 36.85516]}}, {"type": "Feature", "properties": {"name": "San Antonio", "adm0_a3": "USA", "pop_max": 1473000}, "geometry": {"type": "Point", "coordinates": [-98.492693, 29.419848]}}, {"type": "Feature", "properties": {"name": "Kansas City", "adm0_a3": "USA", "pop_max": 1469000}, "geometry": {"type": "Point", "coordinates": [-94.60604, 39.109034]}}, {"type": "Feature", "properties": {"name": "Ft.  Worth", "adm0_a3": "USA", "pop_max": 1440454}, "geometry": {"type": "Point", "coordinates": [-97.340038, 32.739977]}}, {"type": "Feature", "properties": {"name": "Indianapolis", "adm0_a3": "USA", "pop_max": 1436000}, "geometry": {"type": "Point", "coordinates": [-86.171994, 39.751934]}}, {"type": "Feature", "properties": {"name": "Milwaukee", "adm0_a3": "USA", "pop_max": 1388000}, "geometry": {"type": "Point", "coordinates": [-87.916673, 43.029608]}}, {"type": "Feature", "properties": {"name": "Orlando", "adm0_a3": "USA", "pop_max": 1350000}, "geometry": {"type": "Point", "coordinates": [-81.381976, 28.511923]}}, {"type": "Feature", "properties": {"name": "Providence", "adm0_a3": "USA", "pop_max": 1277000}, "geometry": {"type": "Point", "coordinates": [-71.416926, 41.823048]}}, {"type": "Feature", "properties": {"name": "Columbus", "adm0_a3": "USA", "pop_max": 1270000}, "geometry": {"type": "Point", "coordinates": [-82.991956, 39.98192]}}, {"type": "Feature", "properties": {"name": "West Palm Beach", "adm0_a3": "USA", "pop_max": 1250000}, "geometry": {"type": "Point", "coordinates": [-80.123621, 26.74502]}}, {"type": "Feature", "properties": {"name": "Raleigh", "adm0_a3": "USA", "pop_max": 1163515}, "geometry": {"type": "Point", "coordinates": [-78.647035, 35.772696]}}, {"type": "Feature", "properties": {"name": "Austin", "adm0_a3": "USA", "pop_max": 1161000}, "geometry": {"type": "Point", "coordinates": [-97.744724, 30.268895]}}, {"type": "Feature", "properties": {"name": "Birmingham", "adm0_a3": "USA", "pop_max": 1128047}, "geometry": {"type": "Point", "coordinates": [-86.824995, 33.530006]}}, {"type": "Feature", "properties": {"name": "Mesa", "adm0_a3": "USA", "pop_max": 1085394}, "geometry": {"type": "Point", "coordinates": [-111.820967, 33.414796]}}, {"type": "Feature", "properties": {"name": "Memphis", "adm0_a3": "USA", "pop_max": 1081000}, "geometry": {"type": "Point", "coordinates": [-90.028777, 35.144701]}}, {"type": "Feature", "properties": {"name": "Norfolk", "adm0_a3": "USA", "pop_max": 1047869}, "geometry": {"type": "Point", "coordinates": [-76.280006, 36.849959]}}, {"type": "Feature", "properties": {"name": "Bridgeport", "adm0_a3": "USA", "pop_max": 1018000}, "geometry": {"type": "Point", "coordinates": [-73.201907, 41.181925]}}, {"type": "Feature", "properties": {"name": "Buffalo", "adm0_a3": "USA", "pop_max": 1016000}, "geometry": {"type": "Point", "coordinates": [-78.881948, 42.881924]}}, {"type": "Feature", "properties": {"name": "Charlotte", "adm0_a3": "USA", "pop_max": 995000}, "geometry": {"type": "Point", "coordinates": [-80.831984, 35.20694]}}, {"type": "Feature", "properties": {"name": "Jacksonville", "adm0_a3": "USA", "pop_max": 988000}, "geometry": {"type": "Point", "coordinates": [-81.671933, 30.331967]}}, {"type": "Feature", "properties": {"name": "Salt Lake City", "adm0_a3": "USA", "pop_max": 966000}, "geometry": {"type": "Point", "coordinates": [-111.931998, 40.776962]}}, {"type": "Feature", "properties": {"name": "Louisville", "adm0_a3": "USA", "pop_max": 948000}, "geometry": {"type": "Point", "coordinates": [-85.75065, 38.226963]}}, {"type": "Feature", "properties": {"name": "Tulsa", "adm0_a3": "USA", "pop_max": 946962}, "geometry": {"type": "Point", "coordinates": [-95.930021, 36.120003]}}, {"type": "Feature", "properties": {"name": "Hartford", "adm0_a3": "USA", "pop_max": 913000}, "geometry": {"type": "Point", "coordinates": [-72.681913, 41.771966]}}, {"type": "Feature", "properties": {"name": "Richmond", "adm0_a3": "USA", "pop_max": 912000}, "geometry": {"type": "Point", "coordinates": [-77.451932, 37.551965]}}, {"type": "Feature", "properties": {"name": "Albuquerque", "adm0_a3": "USA", "pop_max": 898642}, "geometry": {"type": "Point", "coordinates": [-106.641331, 35.104975]}}, {"type": "Feature", "properties": {"name": "Omaha", "adm0_a3": "USA", "pop_max": 877110}, "geometry": {"type": "Point", "coordinates": [-96.00999, 41.240001]}}, {"type": "Feature", "properties": {"name": "Nashville", "adm0_a3": "USA", "pop_max": 877000}, "geometry": {"type": "Point", "coordinates": [-86.781931, 36.17192]}}, {"type": "Feature", "properties": {"name": "Albany", "adm0_a3": "USA", "pop_max": 870716}, "geometry": {"type": "Point", "coordinates": [-73.757553, 42.653744]}}, {"type": "Feature", "properties": {"name": "New Haven", "adm0_a3": "USA", "pop_max": 846766}, "geometry": {"type": "Point", "coordinates": [-72.900005, 41.330383]}}, {"type": "Feature", "properties": {"name": "Tucson", "adm0_a3": "USA", "pop_max": 823000}, "geometry": {"type": "Point", "coordinates": [-110.891932, 32.206943]}}, {"type": "Feature", "properties": {"name": "St. Petersburg", "adm0_a3": "USA", "pop_max": 800313}, "geometry": {"type": "Point", "coordinates": [-82.679383, 27.770539]}}, {"type": "Feature", "properties": {"name": "Oklahoma City", "adm0_a3": "USA", "pop_max": 788000}, "geometry": {"type": "Point", "coordinates": [-97.520629, 35.471989]}}, {"type": "Feature", "properties": {"name": "Honolulu", "adm0_a3": "USA", "pop_max": 786000}, "geometry": {"type": "Point", "coordinates": [-157.858301, 21.303429]}}, {"type": "Feature", "properties": {"name": "New Orleans", "adm0_a3": "USA", "pop_max": 785000}, "geometry": {"type": "Point", "coordinates": [-90.088368, 29.968908]}}, {"type": "Feature", "properties": {"name": "Dayton", "adm0_a3": "USA", "pop_max": 773000}, "geometry": {"type": "Point", "coordinates": [-84.201933, 39.752322]}}, {"type": "Feature", "properties": {"name": "Rochester", "adm0_a3": "USA", "pop_max": 755000}, "geometry": {"type": "Point", "coordinates": [-77.621896, 43.172371]}}, {"type": "Feature", "properties": {"name": "El Paso", "adm0_a3": "USA", "pop_max": 753000}, "geometry": {"type": "Point", "coordinates": [-106.511941, 31.78193]}}, {"type": "Feature", "properties": {"name": "Stamford", "adm0_a3": "USA", "pop_max": 746920}, "geometry": {"type": "Point", "coordinates": [-73.539191, 41.053346]}}, {"type": "Feature", "properties": {"name": "St.  Paul", "adm0_a3": "USA", "pop_max": 734854}, "geometry": {"type": "Point", "coordinates": [-93.084975, 44.943987]}}, {"type": "Feature", "properties": {"name": "Arlington", "adm0_a3": "USA", "pop_max": 724777}, "geometry": {"type": "Point", "coordinates": [-97.020239, 32.684761]}}, {"type": "Feature", "properties": {"name": "Lowell", "adm0_a3": "USA", "pop_max": 723629}, "geometry": {"type": "Point", "coordinates": [-71.316691, 42.633688]}}, {"type": "Feature", "properties": {"name": "Tacoma", "adm0_a3": "USA", "pop_max": 719868}, "geometry": {"type": "Point", "coordinates": [-122.446824, 47.240568]}}, {"type": "Feature", "properties": {"name": "Akron", "adm0_a3": "USA", "pop_max": 703200}, "geometry": {"type": "Point", "coordinates": [-81.519996, 41.070399]}}, {"type": "Feature", "properties": {"name": "Stockton", "adm0_a3": "USA", "pop_max": 685306}, "geometry": {"type": "Point", "coordinates": [-121.289739, 37.958134]}}, {"type": "Feature", "properties": {"name": "Syracuse", "adm0_a3": "USA", "pop_max": 662577}, "geometry": {"type": "Point", "coordinates": [-76.150014, 43.049994]}}, {"type": "Feature", "properties": {"name": "Knoxville", "adm0_a3": "USA", "pop_max": 655400}, "geometry": {"type": "Point", "coordinates": [-83.92003, 35.970012]}}, {"type": "Feature", "properties": {"name": "Pasadena", "adm0_a3": "USA", "pop_max": 628492}, "geometry": {"type": "Point", "coordinates": [-95.147743, 29.660863]}}, {"type": "Feature", "properties": {"name": "San Mateo", "adm0_a3": "USA", "pop_max": 626406}, "geometry": {"type": "Point", "coordinates": [-122.303214, 37.540554]}}, {"type": "Feature", "properties": {"name": "Fresno", "adm0_a3": "USA", "pop_max": 616353}, "geometry": {"type": "Point", "coordinates": [-119.772984, 36.747717]}}, {"type": "Feature", "properties": {"name": "Oceanside", "adm0_a3": "USA", "pop_max": 609854}, "geometry": {"type": "Point", "coordinates": [-117.345811, 33.191499]}}, {"type": "Feature", "properties": {"name": "Gary", "adm0_a3": "USA", "pop_max": 591180}, "geometry": {"type": "Point", "coordinates": [-87.330003, 41.580393]}}, {"type": "Feature", "properties": {"name": "Sarasota", "adm0_a3": "USA", "pop_max": 589959}, "geometry": {"type": "Point", "coordinates": [-82.530787, 27.336121]}}, {"type": "Feature", "properties": {"name": "Aurora", "adm0_a3": "USA", "pop_max": 587540}, "geometry": {"type": "Point", "coordinates": [-104.808497, 39.695857]}}, {"type": "Feature", "properties": {"name": "Covington", "adm0_a3": "USA", "pop_max": 585489}, "geometry": {"type": "Point", "coordinates": [-84.508599, 39.084008]}}, {"type": "Feature", "properties": {"name": "Joliet", "adm0_a3": "USA", "pop_max": 578460}, "geometry": {"type": "Point", "coordinates": [-88.106674, 41.529983]}}, {"type": "Feature", "properties": {"name": "Grand Rapids", "adm0_a3": "USA", "pop_max": 535829}, "geometry": {"type": "Point", "coordinates": [-85.669949, 42.96372]}}, {"type": "Feature", "properties": {"name": "Harrisburg", "adm0_a3": "USA", "pop_max": 528892}, "geometry": {"type": "Point", "coordinates": [-76.884749, 40.2736]}}, {"type": "Feature", "properties": {"name": "Vancouver", "adm0_a3": "USA", "pop_max": 525802}, "geometry": {"type": "Point", "coordinates": [-122.639993, 45.630301]}}, {"type": "Feature", "properties": {"name": "Kansas City", "adm0_a3": "USA", "pop_max": 501577}, "geometry": {"type": "Point", "coordinates": [-94.630146, 39.11358]}}, {"type": "Feature", "properties": {"name": "Glendale", "adm0_a3": "USA", "pop_max": 500000}, "geometry": {"type": "Point", "coordinates": [-112.174495, 33.535431]}}, {"type": "Feature", "properties": {"name": "Allentown", "adm0_a3": "USA", "pop_max": 496442}, "geometry": {"type": "Point", "coordinates": [-75.500028, 40.599988]}}, {"type": "Feature", "properties": {"name": "Berkeley", "adm0_a3": "USA", "pop_max": 496356}, "geometry": {"type": "Point", "coordinates": [-122.271152, 37.873901]}}, {"type": "Feature", "properties": {"name": "Colorado Springs", "adm0_a3": "USA", "pop_max": 493654}, "geometry": {"type": "Point", "coordinates": [-104.791986, 38.862963]}}, {"type": "Feature", "properties": {"name": "Everett", "adm0_a3": "USA", "pop_max": 486903}, "geometry": {"type": "Point", "coordinates": [-122.199968, 47.960417]}}, {"type": "Feature", "properties": {"name": "Toledo", "adm0_a3": "USA", "pop_max": 469924}, "geometry": {"type": "Point", "coordinates": [-83.552976, 41.639788]}}, {"type": "Feature", "properties": {"name": "Bakersfield", "adm0_a3": "USA", "pop_max": 443129}, "geometry": {"type": "Point", "coordinates": [-119.019981, 35.369971]}}, {"type": "Feature", "properties": {"name": "Laredo", "adm0_a3": "USA", "pop_max": 434768}, "geometry": {"type": "Point", "coordinates": [-99.507218, 27.506136]}}, {"type": "Feature", "properties": {"name": "Baton Rouge", "adm0_a3": "USA", "pop_max": 422072}, "geometry": {"type": "Point", "coordinates": [-91.140158, 30.457946]}}, {"type": "Feature", "properties": {"name": "Springfield", "adm0_a3": "USA", "pop_max": 421780}, "geometry": {"type": "Point", "coordinates": [-72.579999, 42.120025]}}, {"type": "Feature", "properties": {"name": "Charleston", "adm0_a3": "USA", "pop_max": 411940}, "geometry": {"type": "Point", "coordinates": [-79.992105, 32.792377]}}, {"type": "Feature", "properties": {"name": "Miami Beach", "adm0_a3": "USA", "pop_max": 407750}, "geometry": {"type": "Point", "coordinates": [-80.131781, 25.809919]}}, {"type": "Feature", "properties": {"name": "Wichita", "adm0_a3": "USA", "pop_max": 401843}, "geometry": {"type": "Point", "coordinates": [-97.327657, 37.676338]}}, {"type": "Feature", "properties": {"name": "Columbia", "adm0_a3": "USA", "pop_max": 398093}, "geometry": {"type": "Point", "coordinates": [-92.33391, 38.952078]}}, {"type": "Feature", "properties": {"name": "Columbia", "adm0_a3": "USA", "pop_max": 398093}, "geometry": {"type": "Point", "coordinates": [-81.031262, 33.996861]}}, {"type": "Feature", "properties": {"name": "Metairie", "adm0_a3": "USA", "pop_max": 394206}, "geometry": {"type": "Point", "coordinates": [-90.152777, 29.983866]}}, {"type": "Feature", "properties": {"name": "Palm Springs", "adm0_a3": "USA", "pop_max": 390115}, "geometry": {"type": "Point", "coordinates": [-116.533053, 33.777356]}}, {"type": "Feature", "properties": {"name": "Elgin", "adm0_a3": "USA", "pop_max": 389514}, "geometry": {"type": "Point", "coordinates": [-88.289919, 42.039461]}}, {"type": "Feature", "properties": {"name": "Greensboro", "adm0_a3": "USA", "pop_max": 388887}, "geometry": {"type": "Point", "coordinates": [-79.800023, 36.070006]}}, {"type": "Feature", "properties": {"name": "Des Moines", "adm0_a3": "USA", "pop_max": 380655}, "geometry": {"type": "Point", "coordinates": [-93.619981, 41.57998]}}, {"type": "Feature", "properties": {"name": "Ogden", "adm0_a3": "USA", "pop_max": 377224}, "geometry": {"type": "Point", "coordinates": [-111.968034, 41.232379]}}, {"type": "Feature", "properties": {"name": "Hampton", "adm0_a3": "USA", "pop_max": 366766}, "geometry": {"type": "Point", "coordinates": [-76.34995, 37.030025]}}, {"type": "Feature", "properties": {"name": "Trenton", "adm0_a3": "USA", "pop_max": 366513}, "geometry": {"type": "Point", "coordinates": [-74.743355, 40.216963]}}, {"type": "Feature", "properties": {"name": "McAllen", "adm0_a3": "USA", "pop_max": 364004}, "geometry": {"type": "Point", "coordinates": [-98.229725, 26.203038]}}, {"type": "Feature", "properties": {"name": "St. Charles", "adm0_a3": "USA", "pop_max": 360485}, "geometry": {"type": "Point", "coordinates": [-90.506166, 38.784285]}}, {"type": "Feature", "properties": {"name": "Provo", "adm0_a3": "USA", "pop_max": 356712}, "geometry": {"type": "Point", "coordinates": [-111.63777, 40.248899]}}, {"type": "Feature", "properties": {"name": "Greenville", "adm0_a3": "USA", "pop_max": 350954}, "geometry": {"type": "Point", "coordinates": [-82.394154, 34.852923]}}, {"type": "Feature", "properties": {"name": "Evanston", "adm0_a3": "USA", "pop_max": 350000}, "geometry": {"type": "Point", "coordinates": [-87.699955, 42.048349]}}, {"type": "Feature", "properties": {"name": "Aurora", "adm0_a3": "USA", "pop_max": 350000}, "geometry": {"type": "Point", "coordinates": [-88.299996, 41.765395]}}, {"type": "Feature", "properties": {"name": "Spokane", "adm0_a3": "USA", "pop_max": 347705}, "geometry": {"type": "Point", "coordinates": [-117.419949, 47.669996]}}, {"type": "Feature", "properties": {"name": "Boise", "adm0_a3": "USA", "pop_max": 338071}, "geometry": {"type": "Point", "coordinates": [-116.22749, 43.60859]}}, {"type": "Feature", "properties": {"name": "Salem", "adm0_a3": "USA", "pop_max": 335509}, "geometry": {"type": "Point", "coordinates": [-70.883092, 42.522499]}}, {"type": "Feature", "properties": {"name": "Sanford", "adm0_a3": "USA", "pop_max": 333460}, "geometry": {"type": "Point", "coordinates": [-81.279985, 28.78996]}}, {"type": "Feature", "properties": {"name": "Reno", "adm0_a3": "USA", "pop_max": 328585}, "geometry": {"type": "Point", "coordinates": [-119.82001, 39.529976]}}, {"type": "Feature", "properties": {"name": "Madison", "adm0_a3": "USA", "pop_max": 327447}, "geometry": {"type": "Point", "coordinates": [-89.401117, 43.073016]}}, {"type": "Feature", "properties": {"name": "Modesto", "adm0_a3": "USA", "pop_max": 323386}, "geometry": {"type": "Point", "coordinates": [-120.98999, 37.655413]}}, {"type": "Feature", "properties": {"name": "Youngstown", "adm0_a3": "USA", "pop_max": 311990}, "geometry": {"type": "Point", "coordinates": [-80.649739, 41.099699]}}, {"type": "Feature", "properties": {"name": "Durham", "adm0_a3": "USA", "pop_max": 309495}, "geometry": {"type": "Point", "coordinates": [-78.92, 35.999959]}}, {"type": "Feature", "properties": {"name": "Fort Wayne", "adm0_a3": "USA", "pop_max": 299871}, "geometry": {"type": "Point", "coordinates": [-85.129982, 41.080398]}}, {"type": "Feature", "properties": {"name": "Riverside", "adm0_a3": "USA", "pop_max": 297554}, "geometry": {"type": "Point", "coordinates": [-117.398039, 33.941945]}}, {"type": "Feature", "properties": {"name": "Flint", "adm0_a3": "USA", "pop_max": 295212}, "geometry": {"type": "Point", "coordinates": [-83.687538, 43.012864]}}, {"type": "Feature", "properties": {"name": "Worcester", "adm0_a3": "USA", "pop_max": 287365}, "geometry": {"type": "Point", "coordinates": [-71.800021, 42.270429]}}, {"type": "Feature", "properties": {"name": "Barlett", "adm0_a3": "USA", "pop_max": 286423}, "geometry": {"type": "Point", "coordinates": [-89.84109, 35.2229]}}, {"type": "Feature", "properties": {"name": "Winston-Salem", "adm0_a3": "USA", "pop_max": 281683}, "geometry": {"type": "Point", "coordinates": [-80.259995, 36.10543]}}, {"type": "Feature", "properties": {"name": "Newark", "adm0_a3": "USA", "pop_max": 280123}, "geometry": {"type": "Point", "coordinates": [-74.170005, 40.700421]}}, {"type": "Feature", "properties": {"name": "Lansing", "adm0_a3": "USA", "pop_max": 279952}, "geometry": {"type": "Point", "coordinates": [-84.546736, 42.733527]}}, {"type": "Feature", "properties": {"name": "Corpus Christi", "adm0_a3": "USA", "pop_max": 277454}, "geometry": {"type": "Point", "coordinates": [-97.401895, 27.742814]}}, {"type": "Feature", "properties": {"name": "Little Rock", "adm0_a3": "USA", "pop_max": 270893}, "geometry": {"type": "Point", "coordinates": [-92.331093, 34.736083]}}, {"type": "Feature", "properties": {"name": "Ann Arbor", "adm0_a3": "USA", "pop_max": 265976}, "geometry": {"type": "Point", "coordinates": [-83.719991, 42.300375]}}, {"type": "Feature", "properties": {"name": "Melbourne", "adm0_a3": "USA", "pop_max": 265414}, "geometry": {"type": "Point", "coordinates": [-80.60832, 28.08331]}}, {"type": "Feature", "properties": {"name": "Lexington", "adm0_a3": "USA", "pop_max": 264578}, "geometry": {"type": "Point", "coordinates": [-84.500021, 38.050015]}}, {"type": "Feature", "properties": {"name": "Augusta", "adm0_a3": "USA", "pop_max": 262332}, "geometry": {"type": "Point", "coordinates": [-81.984981, 33.460812]}}, {"type": "Feature", "properties": {"name": "Naples", "adm0_a3": "USA", "pop_max": 262306}, "geometry": {"type": "Point", "coordinates": [-81.794992, 26.142059]}}, {"type": "Feature", "properties": {"name": "Lakeville", "adm0_a3": "USA", "pop_max": 261308}, "geometry": {"type": "Point", "coordinates": [-93.24251, 44.650103]}}, {"type": "Feature", "properties": {"name": "Anchorage", "adm0_a3": "USA", "pop_max": 260283}, "geometry": {"type": "Point", "coordinates": [-149.887446, 61.214004]}}, {"type": "Feature", "properties": {"name": "Canton", "adm0_a3": "USA", "pop_max": 258660}, "geometry": {"type": "Point", "coordinates": [-81.378635, 40.798865]}}, {"type": "Feature", "properties": {"name": "Chattanooga", "adm0_a3": "USA", "pop_max": 257589}, "geometry": {"type": "Point", "coordinates": [-85.250001, 35.06999]}}, {"type": "Feature", "properties": {"name": "Rockford", "adm0_a3": "USA", "pop_max": 255978}, "geometry": {"type": "Point", "coordinates": [-89.06969, 42.269705]}}, {"type": "Feature", "properties": {"name": "Davenport", "adm0_a3": "USA", "pop_max": 255738}, "geometry": {"type": "Point", "coordinates": [-90.58753, 41.553987]}}, {"type": "Feature", "properties": {"name": "Mobile", "adm0_a3": "USA", "pop_max": 253466}, "geometry": {"type": "Point", "coordinates": [-88.049985, 30.680025]}}, {"type": "Feature", "properties": {"name": "Jackson", "adm0_a3": "USA", "pop_max": 250902}, "geometry": {"type": "Point", "coordinates": [-90.184997, 32.298815]}}, {"type": "Feature", "properties": {"name": "Coral Springs", "adm0_a3": "USA", "pop_max": 250000}, "geometry": {"type": "Point", "coordinates": [-80.270822, 26.270837]}}, {"type": "Feature", "properties": {"name": "Waukesha", "adm0_a3": "USA", "pop_max": 249912}, "geometry": {"type": "Point", "coordinates": [-88.231369, 43.01165]}}, {"type": "Feature", "properties": {"name": "Shreveport", "adm0_a3": "USA", "pop_max": 248053}, "geometry": {"type": "Point", "coordinates": [-93.770023, 32.500017]}}, {"type": "Feature", "properties": {"name": "Lincoln", "adm0_a3": "USA", "pop_max": 246220}, "geometry": {"type": "Point", "coordinates": [-96.680001, 40.819975]}}, {"type": "Feature", "properties": {"name": "Eugene", "adm0_a3": "USA", "pop_max": 245158}, "geometry": {"type": "Point", "coordinates": [-123.100016, 44.05001]}}, {"type": "Feature", "properties": {"name": "Fayetteville", "adm0_a3": "USA", "pop_max": 243306}, "geometry": {"type": "Point", "coordinates": [-78.886999, 35.051111]}}, {"type": "Feature", "properties": {"name": "South Bend", "adm0_a3": "USA", "pop_max": 239822}, "geometry": {"type": "Point", "coordinates": [-86.250017, 41.683307]}}, {"type": "Feature", "properties": {"name": "Pensacola", "adm0_a3": "USA", "pop_max": 234384}, "geometry": {"type": "Point", "coordinates": [-87.216935, 30.421126]}}, {"type": "Feature", "properties": {"name": "Santa Rosa", "adm0_a3": "USA", "pop_max": 231792}, "geometry": {"type": "Point", "coordinates": [-122.699989, 38.450404]}}, {"type": "Feature", "properties": {"name": "Salem", "adm0_a3": "USA", "pop_max": 229010}, "geometry": {"type": "Point", "coordinates": [-123.023897, 44.92807]}}, {"type": "Feature", "properties": {"name": "Fort Collins", "adm0_a3": "USA", "pop_max": 228385}, "geometry": {"type": "Point", "coordinates": [-105.058869, 40.560688]}}, {"type": "Feature", "properties": {"name": "Fort Pierce", "adm0_a3": "USA", "pop_max": 228245}, "geometry": {"type": "Point", "coordinates": [-80.325805, 27.446786]}}, {"type": "Feature", "properties": {"name": "Lancaster", "adm0_a3": "USA", "pop_max": 225799}, "geometry": {"type": "Point", "coordinates": [-118.135823, 34.698049]}}, {"type": "Feature", "properties": {"name": "Kissimmee", "adm0_a3": "USA", "pop_max": 225494}, "geometry": {"type": "Point", "coordinates": [-81.407781, 28.292057]}}, {"type": "Feature", "properties": {"name": "Tallahassee", "adm0_a3": "USA", "pop_max": 221222}, "geometry": {"type": "Point", "coordinates": [-84.280034, 30.449988]}}, {"type": "Feature", "properties": {"name": "York", "adm0_a3": "USA", "pop_max": 218010}, "geometry": {"type": "Point", "coordinates": [-76.72804, 39.962921]}}, {"type": "Feature", "properties": {"name": "Columbus", "adm0_a3": "USA", "pop_max": 217980}, "geometry": {"type": "Point", "coordinates": [-84.980017, 32.470433]}}, {"type": "Feature", "properties": {"name": "Daytona Beach", "adm0_a3": "USA", "pop_max": 216890}, "geometry": {"type": "Point", "coordinates": [-81.023075, 29.210554]}}, {"type": "Feature", "properties": {"name": "Lubbock", "adm0_a3": "USA", "pop_max": 213300}, "geometry": {"type": "Point", "coordinates": [-101.879968, 33.580003]}}, {"type": "Feature", "properties": {"name": "Huntsville", "adm0_a3": "USA", "pop_max": 212733}, "geometry": {"type": "Point", "coordinates": [-86.609995, 34.71996]}}, {"type": "Feature", "properties": {"name": "Springfield", "adm0_a3": "USA", "pop_max": 210939}, "geometry": {"type": "Point", "coordinates": [-93.319999, 37.180016]}}, {"type": "Feature", "properties": {"name": "Lancaster", "adm0_a3": "USA", "pop_max": 209489}, "geometry": {"type": "Point", "coordinates": [-76.305766, 40.037774]}}, {"type": "Feature", "properties": {"name": "Appleton", "adm0_a3": "USA", "pop_max": 203665}, "geometry": {"type": "Point", "coordinates": [-88.400506, 44.268679]}}, {"type": "Feature", "properties": {"name": "Waukegan", "adm0_a3": "USA", "pop_max": 200000}, "geometry": {"type": "Point", "coordinates": [-87.844726, 42.364041]}}, {"type": "Feature", "properties": {"name": "Green Bay", "adm0_a3": "USA", "pop_max": 198611}, "geometry": {"type": "Point", "coordinates": [-88.000014, 44.529981]}}, {"type": "Feature", "properties": {"name": "Montgomery", "adm0_a3": "USA", "pop_max": 198325}, "geometry": {"type": "Point", "coordinates": [-86.279189, 32.361602]}}, {"type": "Feature", "properties": {"name": "Roanoke", "adm0_a3": "USA", "pop_max": 198171}, "geometry": {"type": "Point", "coordinates": [-79.941617, 37.271199]}}, {"type": "Feature", "properties": {"name": "Manchester", "adm0_a3": "USA", "pop_max": 196566}, "geometry": {"type": "Point", "coordinates": [-71.455287, 42.995992]}}, {"type": "Feature", "properties": {"name": "Gainesville", "adm0_a3": "USA", "pop_max": 191097}, "geometry": {"type": "Point", "coordinates": [-82.325037, 29.65138]}}, {"type": "Feature", "properties": {"name": "Ft. Myers", "adm0_a3": "USA", "pop_max": 188606}, "geometry": {"type": "Point", "coordinates": [-81.860492, 26.640298]}}, {"type": "Feature", "properties": {"name": "Kalamazoo", "adm0_a3": "USA", "pop_max": 183381}, "geometry": {"type": "Point", "coordinates": [-85.58719, 42.292159]}}, {"type": "Feature", "properties": {"name": "Amarillo", "adm0_a3": "USA", "pop_max": 181766}, "geometry": {"type": "Point", "coordinates": [-101.829997, 35.22998]}}, {"type": "Feature", "properties": {"name": "Santa Barbara", "adm0_a3": "USA", "pop_max": 181632}, "geometry": {"type": "Point", "coordinates": [-119.716618, 34.410799]}}, {"type": "Feature", "properties": {"name": "Brownsville", "adm0_a3": "USA", "pop_max": 181399}, "geometry": {"type": "Point", "coordinates": [-97.500002, 25.91998]}}, {"type": "Feature", "properties": {"name": "Savannah", "adm0_a3": "USA", "pop_max": 180187}, "geometry": {"type": "Point", "coordinates": [-81.109995, 32.021106]}}, {"type": "Feature", "properties": {"name": "Erie", "adm0_a3": "USA", "pop_max": 178182}, "geometry": {"type": "Point", "coordinates": [-80.084993, 42.129921]}}, {"type": "Feature", "properties": {"name": "Denton", "adm0_a3": "USA", "pop_max": 176930}, "geometry": {"type": "Point", "coordinates": [-97.128837, 33.215762]}}, {"type": "Feature", "properties": {"name": "Wahiawa", "adm0_a3": "USA", "pop_max": 174766}, "geometry": {"type": "Point", "coordinates": [-158.023621, 21.503092]}}, {"type": "Feature", "properties": {"name": "Waterbury", "adm0_a3": "USA", "pop_max": 174236}, "geometry": {"type": "Point", "coordinates": [-73.050022, 41.550008]}}, {"type": "Feature", "properties": {"name": "Port-of-Spain", "adm0_a3": "TTO", "pop_max": 294934}, "geometry": {"type": "Point", "coordinates": [-61.517031, 10.651997]}}, {"type": "Feature", "properties": {"name": "Kyiv", "adm0_a3": "UKR", "pop_max": 2709000}, "geometry": {"type": "Point", "coordinates": [30.514682, 50.435313]}}, {"type": "Feature", "properties": {"name": "Kharkiv", "adm0_a3": "UKR", "pop_max": 1461000}, "geometry": {"type": "Point", "coordinates": [36.248079, 50.001929]}}, {"type": "Feature", "properties": {"name": "Dnipro", "adm0_a3": "UKR", "pop_max": 1050000}, "geometry": {"type": "Point", "coordinates": [34.998078, 48.481918]}}, {"type": "Feature", "properties": {"name": "Odessa", "adm0_a3": "UKR", "pop_max": 991000}, "geometry": {"type": "Point", "coordinates": [30.708055, 46.491962]}}, {"type": "Feature", "properties": {"name": "Donetsk", "adm0_a3": "UKR", "pop_max": 988000}, "geometry": {"type": "Point", "coordinates": [37.828034, 48.001947]}}, {"type": "Feature", "properties": {"name": "Lviv", "adm0_a3": "UKR", "pop_max": 803880}, "geometry": {"type": "Point", "coordinates": [24.029995, 49.83498]}}, {"type": "Feature", "properties": {"name": "Zaporizhzhya", "adm0_a3": "UKR", "pop_max": 788000}, "geometry": {"type": "Point", "coordinates": [35.174863, 47.859243]}}, {"type": "Feature", "properties": {"name": "Kryvyy Rih", "adm0_a3": "UKR", "pop_max": 652380}, "geometry": {"type": "Point", "coordinates": [33.344983, 47.928326]}}, {"type": "Feature", "properties": {"name": "Mykolayiv", "adm0_a3": "UKR", "pop_max": 510840}, "geometry": {"type": "Point", "coordinates": [31.984342, 46.967739]}}, {"type": "Feature", "properties": {"name": "Mariupol", "adm0_a3": "UKR", "pop_max": 481626}, "geometry": {"type": "Point", "coordinates": [37.556198, 47.096181]}}, {"type": "Feature", "properties": {"name": "Luhansk", "adm0_a3": "UKR", "pop_max": 452000}, "geometry": {"type": "Point", "coordinates": [39.334384, 48.56976]}}, {"type": "Feature", "properties": {"name": "Khmelnytskyy", "adm0_a3": "UKR", "pop_max": 398346}, "geometry": {"type": "Point", "coordinates": [27.001545, 49.424928]}}, {"type": "Feature", "properties": {"name": "Dubai", "adm0_a3": "ARE", "pop_max": 1379000}, "geometry": {"type": "Point", "coordinates": [55.286946, 25.214912]}}, {"type": "Feature", "properties": {"name": "Sharjah", "adm0_a3": "ARE", "pop_max": 1103027}, "geometry": {"type": "Point", "coordinates": [55.406478, 25.371383]}}, {"type": "Feature", "properties": {"name": "Ashgabat", "adm0_a3": "TKM", "pop_max": 727700}, "geometry": {"type": "Point", "coordinates": [58.383299, 37.949995]}}, {"type": "Feature", "properties": {"name": "T\u00fcrkmenabat", "adm0_a3": "TKM", "pop_max": 234817}, "geometry": {"type": "Point", "coordinates": [63.580036, 39.110002]}}, {"type": "Feature", "properties": {"name": "Da\u015foguz", "adm0_a3": "TKM", "pop_max": 201424}, "geometry": {"type": "Point", "coordinates": [59.96496, 41.83999]}}, {"type": "Feature", "properties": {"name": "Tashkent", "adm0_a3": "UZB", "pop_max": 2184000}, "geometry": {"type": "Point", "coordinates": [69.268823, 41.303828]}}, {"type": "Feature", "properties": {"name": "Fargona", "adm0_a3": "UZB", "pop_max": 750000}, "geometry": {"type": "Point", "coordinates": [71.780001, 40.389975]}}, {"type": "Feature", "properties": {"name": "Namangan", "adm0_a3": "UZB", "pop_max": 750000}, "geometry": {"type": "Point", "coordinates": [71.669982, 41.000016]}}, {"type": "Feature", "properties": {"name": "Samarkand", "adm0_a3": "UZB", "pop_max": 708000}, "geometry": {"type": "Point", "coordinates": [66.944999, 39.670019]}}, {"type": "Feature", "properties": {"name": "Andijan", "adm0_a3": "UZB", "pop_max": 650000}, "geometry": {"type": "Point", "coordinates": [72.339967, 40.790002]}}, {"type": "Feature", "properties": {"name": "Shahrisabz", "adm0_a3": "UZB", "pop_max": 498545}, "geometry": {"type": "Point", "coordinates": [66.831466, 39.061788]}}, {"type": "Feature", "properties": {"name": "Qarshi", "adm0_a3": "UZB", "pop_max": 386361}, "geometry": {"type": "Point", "coordinates": [65.800004, 38.87043]}}, {"type": "Feature", "properties": {"name": "Georgetown", "adm0_a3": "GUY", "pop_max": 264350}, "geometry": {"type": "Point", "coordinates": [-58.167029, 6.801974]}}, {"type": "Feature", "properties": {"name": "New Amsterdam", "adm0_a3": "GUY", "pop_max": 46874}, "geometry": {"type": "Point", "coordinates": [-57.529987, 6.250018]}}, {"type": "Feature", "properties": {"name": "Vatican City", "adm0_a3": "VAT", "pop_max": 832}, "geometry": {"type": "Point", "coordinates": [12.453387, 41.903282]}}, {"type": "Feature", "properties": {"name": "London", "adm0_a3": "GBR", "pop_max": 8567000}, "geometry": {"type": "Point", "coordinates": [-0.118668, 51.501941]}}, {"type": "Feature", "properties": {"name": "Birmingham", "adm0_a3": "GBR", "pop_max": 2285000}, "geometry": {"type": "Point", "coordinates": [-1.921943, 52.47692]}}, {"type": "Feature", "properties": {"name": "Manchester", "adm0_a3": "GBR", "pop_max": 2230000}, "geometry": {"type": "Point", "coordinates": [-2.248685, 53.47532]}}, {"type": "Feature", "properties": {"name": "Leeds", "adm0_a3": "GBR", "pop_max": 1529000}, "geometry": {"type": "Point", "coordinates": [-1.551348, 53.790017]}}, {"type": "Feature", "properties": {"name": "Sheffield", "adm0_a3": "GBR", "pop_max": 1292900}, "geometry": {"type": "Point", "coordinates": [-1.499997, 53.366677]}}, {"type": "Feature", "properties": {"name": "Glasgow", "adm0_a3": "GBR", "pop_max": 1160000}, "geometry": {"type": "Point", "coordinates": [-4.239101, 55.86227]}}, {"type": "Feature", "properties": {"name": "Newcastle", "adm0_a3": "GBR", "pop_max": 882000}, "geometry": {"type": "Point", "coordinates": [-1.611625, 54.989742]}}, {"type": "Feature", "properties": {"name": "Cardiff", "adm0_a3": "GBR", "pop_max": 861400}, "geometry": {"type": "Point", "coordinates": [-3.167598, 51.482619]}}, {"type": "Feature", "properties": {"name": "Nottingham", "adm0_a3": "GBR", "pop_max": 825600}, "geometry": {"type": "Point", "coordinates": [-1.165706, 52.941084]}}, {"type": "Feature", "properties": {"name": "Liverpool", "adm0_a3": "GBR", "pop_max": 811000}, "geometry": {"type": "Point", "coordinates": [-2.961934, 53.405068]}}, {"type": "Feature", "properties": {"name": "Southend-on-Sea", "adm0_a3": "GBR", "pop_max": 618386}, "geometry": {"type": "Point", "coordinates": [0.719997, 51.550018]}}, {"type": "Feature", "properties": {"name": "Bristol", "adm0_a3": "GBR", "pop_max": 553528}, "geometry": {"type": "Point", "coordinates": [-2.583315, 51.449998]}}, {"type": "Feature", "properties": {"name": "Edinburgh", "adm0_a3": "GBR", "pop_max": 504966}, "geometry": {"type": "Point", "coordinates": [-3.219091, 55.948328]}}, {"type": "Feature", "properties": {"name": "Brighton", "adm0_a3": "GBR", "pop_max": 503008}, "geometry": {"type": "Point", "coordinates": [-0.169974, 50.830346]}}, {"type": "Feature", "properties": {"name": "Seoul", "adm0_a3": "KOR", "pop_max": 9796000}, "geometry": {"type": "Point", "coordinates": [126.997785, 37.568295]}}, {"type": "Feature", "properties": {"name": "Busan", "adm0_a3": "KOR", "pop_max": 3480000}, "geometry": {"type": "Point", "coordinates": [129.008102, 35.096999]}}, {"type": "Feature", "properties": {"name": "Incheon", "adm0_a3": "KOR", "pop_max": 2550000}, "geometry": {"type": "Point", "coordinates": [126.640288, 37.478094]}}, {"type": "Feature", "properties": {"name": "Daegu", "adm0_a3": "KOR", "pop_max": 2460000}, "geometry": {"type": "Point", "coordinates": [128.605026, 35.868735]}}, {"type": "Feature", "properties": {"name": "Daejeon", "adm0_a3": "KOR", "pop_max": 1468000}, "geometry": {"type": "Point", "coordinates": [127.423082, 36.337491]}}, {"type": "Feature", "properties": {"name": "Gwangju", "adm0_a3": "KOR", "pop_max": 1440000}, "geometry": {"type": "Point", "coordinates": [126.908488, 35.172911]}}, {"type": "Feature", "properties": {"name": "Changwon", "adm0_a3": "KOR", "pop_max": 1081499}, "geometry": {"type": "Point", "coordinates": [128.583562, 35.219102]}}, {"type": "Feature", "properties": {"name": "Lima", "adm0_a3": "PER", "pop_max": 8012000}, "geometry": {"type": "Point", "coordinates": [-77.052008, -12.046067]}}, {"type": "Feature", "properties": {"name": "Callao", "adm0_a3": "PER", "pop_max": 876877}, "geometry": {"type": "Point", "coordinates": [-77.134967, -12.070027]}}, {"type": "Feature", "properties": {"name": "Arequipa", "adm0_a3": "PER", "pop_max": 815000}, "geometry": {"type": "Point", "coordinates": [-71.531957, -16.418048]}}, {"type": "Feature", "properties": {"name": "Trujillo", "adm0_a3": "PER", "pop_max": 765171}, "geometry": {"type": "Point", "coordinates": [-79.019968, -8.120035]}}, {"type": "Feature", "properties": {"name": "Chiclayo", "adm0_a3": "PER", "pop_max": 596792}, "geometry": {"type": "Point", "coordinates": [-79.836585, -6.762909]}}, {"type": "Feature", "properties": {"name": "Iquitos", "adm0_a3": "PER", "pop_max": 458729}, "geometry": {"type": "Point", "coordinates": [-73.25001, -3.750018]}}, {"type": "Feature", "properties": {"name": "Huancayo", "adm0_a3": "PER", "pop_max": 412733}, "geometry": {"type": "Point", "coordinates": [-75.20002, -12.08]}}, {"type": "Feature", "properties": {"name": "Piura", "adm0_a3": "PER", "pop_max": 396932}, "geometry": {"type": "Point", "coordinates": [-80.629973, -5.210032]}}, {"type": "Feature", "properties": {"name": "Cusco", "adm0_a3": "PER", "pop_max": 361182}, "geometry": {"type": "Point", "coordinates": [-71.972155, -13.525028]}}, {"type": "Feature", "properties": {"name": "Chimbote", "adm0_a3": "PER", "pop_max": 349846}, "geometry": {"type": "Point", "coordinates": [-78.569995, -9.070003]}}, {"type": "Feature", "properties": {"name": "Pucallpa", "adm0_a3": "PER", "pop_max": 310750}, "geometry": {"type": "Point", "coordinates": [-74.534996, -8.368909]}}, {"type": "Feature", "properties": {"name": "Tacna", "adm0_a3": "PER", "pop_max": 280098}, "geometry": {"type": "Point", "coordinates": [-70.250012, -18.000001]}}, {"type": "Feature", "properties": {"name": "Ica", "adm0_a3": "PER", "pop_max": 279420}, "geometry": {"type": "Point", "coordinates": [-75.725492, -14.067993]}}, {"type": "Feature", "properties": {"name": "Juliaca", "adm0_a3": "PER", "pop_max": 245675}, "geometry": {"type": "Point", "coordinates": [-70.139967, -15.499998]}}, {"type": "Feature", "properties": {"name": "Ayacucho", "adm0_a3": "PER", "pop_max": 166314}, "geometry": {"type": "Point", "coordinates": [-74.219951, -13.175024]}}, {"type": "Feature", "properties": {"name": "Sullana", "adm0_a3": "PER", "pop_max": 160789}, "geometry": {"type": "Point", "coordinates": [-80.679996, -4.889587]}}, {"type": "Feature", "properties": {"name": "Hu\u00e1nuco", "adm0_a3": "PER", "pop_max": 158145}, "geometry": {"type": "Point", "coordinates": [-76.240008, -9.920029]}}, {"type": "Feature", "properties": {"name": "Chincha Alta", "adm0_a3": "PER", "pop_max": 153076}, "geometry": {"type": "Point", "coordinates": [-76.139988, -13.419609]}}, {"type": "Feature", "properties": {"name": "Cajamarca", "adm0_a3": "PER", "pop_max": 142665}, "geometry": {"type": "Point", "coordinates": [-78.530023, -7.150017]}}, {"type": "Feature", "properties": {"name": "Cerro de Pasco", "adm0_a3": "PER", "pop_max": 137232}, "geometry": {"type": "Point", "coordinates": [-76.269981, -10.690008]}}, {"type": "Feature", "properties": {"name": "Puno", "adm0_a3": "PER", "pop_max": 116552}, "geometry": {"type": "Point", "coordinates": [-70.033307, -15.83295]}}, {"type": "Feature", "properties": {"name": "Tumbes", "adm0_a3": "PER", "pop_max": 109223}, "geometry": {"type": "Point", "coordinates": [-80.459983, -3.570029]}}, {"type": "Feature", "properties": {"name": "Bratislava", "adm0_a3": "SVK", "pop_max": 423737}, "geometry": {"type": "Point", "coordinates": [17.116981, 48.150018]}}, {"type": "Feature", "properties": {"name": "Riga", "adm0_a3": "LVA", "pop_max": 742572}, "geometry": {"type": "Point", "coordinates": [24.099965, 56.950024]}}, {"type": "Feature", "properties": {"name": "Vilnius", "adm0_a3": "LTU", "pop_max": 542366}, "geometry": {"type": "Point", "coordinates": [25.316635, 54.683366]}}, {"type": "Feature", "properties": {"name": "Karachi", "adm0_a3": "PAK", "pop_max": 12130000}, "geometry": {"type": "Point", "coordinates": [66.988063, 24.871938]}}, {"type": "Feature", "properties": {"name": "Lahore", "adm0_a3": "PAK", "pop_max": 6577000}, "geometry": {"type": "Point", "coordinates": [74.348079, 31.561917]}}, {"type": "Feature", "properties": {"name": "Faisalabad", "adm0_a3": "PAK", "pop_max": 2617000}, "geometry": {"type": "Point", "coordinates": [73.108051, 31.411927]}}, {"type": "Feature", "properties": {"name": "Saidu", "adm0_a3": "PAK", "pop_max": 1860310}, "geometry": {"type": "Point", "coordinates": [72.349992, 34.750035]}}, {"type": "Feature", "properties": {"name": "Rawalpindi", "adm0_a3": "PAK", "pop_max": 1858000}, "geometry": {"type": "Point", "coordinates": [73.067502, 33.591002]}}, {"type": "Feature", "properties": {"name": "Multan", "adm0_a3": "PAK", "pop_max": 1522000}, "geometry": {"type": "Point", "coordinates": [71.453062, 30.201923]}}, {"type": "Feature", "properties": {"name": "Gujranwala", "adm0_a3": "PAK", "pop_max": 1513000}, "geometry": {"type": "Point", "coordinates": [74.183076, 32.162372]}}, {"type": "Feature", "properties": {"name": "Hyderabad", "adm0_a3": "PAK", "pop_max": 1459000}, "geometry": {"type": "Point", "coordinates": [68.373043, 25.381933]}}, {"type": "Feature", "properties": {"name": "Peshawar", "adm0_a3": "PAK", "pop_max": 1303000}, "geometry": {"type": "Point", "coordinates": [71.533057, 34.006962]}}, {"type": "Feature", "properties": {"name": "Abbottabad", "adm0_a3": "PAK", "pop_max": 1183647}, "geometry": {"type": "Point", "coordinates": [73.199501, 34.149503]}}, {"type": "Feature", "properties": {"name": "Bishkek", "adm0_a3": "KGZ", "pop_max": 837000}, "geometry": {"type": "Point", "coordinates": [74.583258, 42.875025]}}, {"type": "Feature", "properties": {"name": "Osh", "adm0_a3": "KGZ", "pop_max": 391277}, "geometry": {"type": "Point", "coordinates": [72.790017, 40.540405]}}, {"type": "Feature", "properties": {"name": "Jalal Abad", "adm0_a3": "KGZ", "pop_max": 248899}, "geometry": {"type": "Point", "coordinates": [73.00251, 40.942887]}}, {"type": "Feature", "properties": {"name": "Pristina", "adm0_a3": "KOS", "pop_max": 465186}, "geometry": {"type": "Point", "coordinates": [21.165984, 42.66671]}}, {"type": "Feature", "properties": {"name": "Muscat", "adm0_a3": "OMN", "pop_max": 734697}, "geometry": {"type": "Point", "coordinates": [58.378311, 23.585179]}}, {"type": "Feature", "properties": {"name": "Seeb", "adm0_a3": "OMN", "pop_max": 237816}, "geometry": {"type": "Point", "coordinates": [58.182536, 23.680246]}}, {"type": "Feature", "properties": {"name": "Mexico City", "adm0_a3": "MEX", "pop_max": 19028000}, "geometry": {"type": "Point", "coordinates": [-99.132934, 19.444388]}}, {"type": "Feature", "properties": {"name": "Guadalajara", "adm0_a3": "MEX", "pop_max": 4198000}, "geometry": {"type": "Point", "coordinates": [-103.33198, 20.671962]}}, {"type": "Feature", "properties": {"name": "Monterrey", "adm0_a3": "MEX", "pop_max": 3712000}, "geometry": {"type": "Point", "coordinates": [-100.331931, 25.671941]}}, {"type": "Feature", "properties": {"name": "Puebla", "adm0_a3": "MEX", "pop_max": 2195000}, "geometry": {"type": "Point", "coordinates": [-98.203737, 19.032594]}}, {"type": "Feature", "properties": {"name": "Tijuana", "adm0_a3": "MEX", "pop_max": 1553000}, "geometry": {"type": "Point", "coordinates": [-117.081942, 32.501963]}}, {"type": "Feature", "properties": {"name": "Toluca", "adm0_a3": "MEX", "pop_max": 1531000}, "geometry": {"type": "Point", "coordinates": [-99.653179, 19.289308]}}, {"type": "Feature", "properties": {"name": "Le\u00f3n", "adm0_a3": "MEX", "pop_max": 1488000}, "geometry": {"type": "Point", "coordinates": [-101.701976, 21.151933]}}, {"type": "Feature", "properties": {"name": "Ciudad Ju\u00e1rez", "adm0_a3": "MEX", "pop_max": 1343000}, "geometry": {"type": "Point", "coordinates": [-106.491994, 31.692323]}}, {"type": "Feature", "properties": {"name": "Torre\u00f3n", "adm0_a3": "MEX", "pop_max": 1144000}, "geometry": {"type": "Point", "coordinates": [-103.421949, 25.571999]}}, {"type": "Feature", "properties": {"name": "Nezahualcoyotl", "adm0_a3": "MEX", "pop_max": 1109363}, "geometry": {"type": "Point", "coordinates": [-99.029987, 19.410016]}}, {"type": "Feature", "properties": {"name": "San Luis Potos\u00ed", "adm0_a3": "MEX", "pop_max": 992000}, "geometry": {"type": "Point", "coordinates": [-101.001941, 22.171922]}}, {"type": "Feature", "properties": {"name": "M\u00e9rida", "adm0_a3": "MEX", "pop_max": 965000}, "geometry": {"type": "Point", "coordinates": [-89.618579, 20.968585]}}, {"type": "Feature", "properties": {"name": "Quer\u00e9taro", "adm0_a3": "MEX", "pop_max": 961000}, "geometry": {"type": "Point", "coordinates": [-100.386667, 20.577704]}}, {"type": "Feature", "properties": {"name": "Mexicali", "adm0_a3": "MEX", "pop_max": 885000}, "geometry": {"type": "Point", "coordinates": [-115.481962, 32.651928]}}, {"type": "Feature", "properties": {"name": "Aguascalientes", "adm0_a3": "MEX", "pop_max": 869000}, "geometry": {"type": "Point", "coordinates": [-102.292359, 21.881406]}}, {"type": "Feature", "properties": {"name": "Tampico", "adm0_a3": "MEX", "pop_max": 859419}, "geometry": {"type": "Point", "coordinates": [-97.870006, 22.30002]}}, {"type": "Feature", "properties": {"name": "Cuernavaca", "adm0_a3": "MEX", "pop_max": 834001}, "geometry": {"type": "Point", "coordinates": [-99.24, 18.921105]}}, {"type": "Feature", "properties": {"name": "Culiac\u00e1n", "adm0_a3": "MEX", "pop_max": 809000}, "geometry": {"type": "Point", "coordinates": [-107.381914, 24.831941]}}, {"type": "Feature", "properties": {"name": "Chihuahua", "adm0_a3": "MEX", "pop_max": 793000}, "geometry": {"type": "Point", "coordinates": [-106.086928, 28.646927]}}, {"type": "Feature", "properties": {"name": "Saltillo", "adm0_a3": "MEX", "pop_max": 754000}, "geometry": {"type": "Point", "coordinates": [-101.006928, 25.421905]}}, {"type": "Feature", "properties": {"name": "Acapulco", "adm0_a3": "MEX", "pop_max": 715584}, "geometry": {"type": "Point", "coordinates": [-99.915979, 16.849991]}}, {"type": "Feature", "properties": {"name": "Morelia", "adm0_a3": "MEX", "pop_max": 644306}, "geometry": {"type": "Point", "coordinates": [-101.189493, 19.733381]}}, {"type": "Feature", "properties": {"name": "Hermosillo", "adm0_a3": "MEX", "pop_max": 595811}, "geometry": {"type": "Point", "coordinates": [-110.954065, 29.098881]}}, {"type": "Feature", "properties": {"name": "Veracruz", "adm0_a3": "MEX", "pop_max": 578963}, "geometry": {"type": "Point", "coordinates": [-96.159981, 19.177342]}}, {"type": "Feature", "properties": {"name": "Canc\u00fan", "adm0_a3": "MEX", "pop_max": 542043}, "geometry": {"type": "Point", "coordinates": [-86.830008, 21.16996]}}, {"type": "Feature", "properties": {"name": "Matamoros", "adm0_a3": "MEX", "pop_max": 538785}, "geometry": {"type": "Point", "coordinates": [-97.500002, 25.879982]}}, {"type": "Feature", "properties": {"name": "Oaxaca", "adm0_a3": "MEX", "pop_max": 530728}, "geometry": {"type": "Point", "coordinates": [-96.66995, 17.08269]}}, {"type": "Feature", "properties": {"name": "Tlaxcala", "adm0_a3": "MEX", "pop_max": 503878}, "geometry": {"type": "Point", "coordinates": [-98.23001, 19.319995]}}, {"type": "Feature", "properties": {"name": "Mazatl\u00e1n", "adm0_a3": "MEX", "pop_max": 500000}, "geometry": {"type": "Point", "coordinates": [-110.13334, 29.017104]}}, {"type": "Feature", "properties": {"name": "Reynosa", "adm0_a3": "MEX", "pop_max": 498654}, "geometry": {"type": "Point", "coordinates": [-98.300031, 26.079996]}}, {"type": "Feature", "properties": {"name": "Tuxtla Guti\u00e9rrez", "adm0_a3": "MEX", "pop_max": 481128}, "geometry": {"type": "Point", "coordinates": [-93.15001, 16.749997]}}, {"type": "Feature", "properties": {"name": "Durango", "adm0_a3": "MEX", "pop_max": 457140}, "geometry": {"type": "Point", "coordinates": [-104.67003, 24.031103]}}, {"type": "Feature", "properties": {"name": "Xalapa", "adm0_a3": "MEX", "pop_max": 452186}, "geometry": {"type": "Point", "coordinates": [-96.919986, 19.529982]}}, {"type": "Feature", "properties": {"name": "Villahermosa", "adm0_a3": "MEX", "pop_max": 428564}, "geometry": {"type": "Point", "coordinates": [-92.899973, 17.999972]}}, {"type": "Feature", "properties": {"name": "G\u00f3mez Palacio", "adm0_a3": "MEX", "pop_max": 399328}, "geometry": {"type": "Point", "coordinates": [-103.500024, 25.570053]}}, {"type": "Feature", "properties": {"name": "Celaya", "adm0_a3": "MEX", "pop_max": 383697}, "geometry": {"type": "Point", "coordinates": [-100.800008, 20.530025]}}, {"type": "Feature", "properties": {"name": "Mazatl\u00e1n", "adm0_a3": "MEX", "pop_max": 368204}, "geometry": {"type": "Point", "coordinates": [-106.420001, 23.221101]}}, {"type": "Feature", "properties": {"name": "Orizaba", "adm0_a3": "MEX", "pop_max": 355333}, "geometry": {"type": "Point", "coordinates": [-97.129999, 18.850024]}}, {"type": "Feature", "properties": {"name": "Nuevo Laredo", "adm0_a3": "MEX", "pop_max": 349550}, "geometry": {"type": "Point", "coordinates": [-99.550007, 27.499987]}}, {"type": "Feature", "properties": {"name": "Irapuato", "adm0_a3": "MEX", "pop_max": 339554}, "geometry": {"type": "Point", "coordinates": [-101.350877, 20.676042]}}, {"type": "Feature", "properties": {"name": "Pachuca", "adm0_a3": "MEX", "pop_max": 319581}, "geometry": {"type": "Point", "coordinates": [-98.735589, 20.106424]}}, {"type": "Feature", "properties": {"name": "Tepic", "adm0_a3": "MEX", "pop_max": 318781}, "geometry": {"type": "Point", "coordinates": [-104.879991, 21.505392]}}, {"type": "Feature", "properties": {"name": "Ciudad Obregon", "adm0_a3": "MEX", "pop_max": 288002}, "geometry": {"type": "Point", "coordinates": [-109.924981, 27.466604]}}, {"type": "Feature", "properties": {"name": "Coatzacoalcos", "adm0_a3": "MEX", "pop_max": 287285}, "geometry": {"type": "Point", "coordinates": [-94.42001, 18.120404]}}, {"type": "Feature", "properties": {"name": "Ciudad Victoria", "adm0_a3": "MEX", "pop_max": 274900}, "geometry": {"type": "Point", "coordinates": [-99.129981, 23.719959]}}, {"type": "Feature", "properties": {"name": "Uruapan", "adm0_a3": "MEX", "pop_max": 264531}, "geometry": {"type": "Point", "coordinates": [-102.070008, 19.420377]}}, {"type": "Feature", "properties": {"name": "Ensenada", "adm0_a3": "MEX", "pop_max": 256565}, "geometry": {"type": "Point", "coordinates": [-116.619998, 31.869978]}}, {"type": "Feature", "properties": {"name": "Skopje", "adm0_a3": "MKD", "pop_max": 494087}, "geometry": {"type": "Point", "coordinates": [21.433461, 42.000006]}}, {"type": "Feature", "properties": {"name": "Katowice", "adm0_a3": "POL", "pop_max": 2746000}, "geometry": {"type": "Point", "coordinates": [19.020017, 50.26038]}}, {"type": "Feature", "properties": {"name": "Warsaw", "adm0_a3": "POL", "pop_max": 1707000}, "geometry": {"type": "Point", "coordinates": [21.005347, 52.230872]}}, {"type": "Feature", "properties": {"name": "\u0141\u00f3d\u017a", "adm0_a3": "POL", "pop_max": 758000}, "geometry": {"type": "Point", "coordinates": [19.458229, 51.767797]}}, {"type": "Feature", "properties": {"name": "Krak\u00f3w", "adm0_a3": "POL", "pop_max": 756000}, "geometry": {"type": "Point", "coordinates": [19.958066, 50.061925]}}, {"type": "Feature", "properties": {"name": "Gda\u0144sk", "adm0_a3": "POL", "pop_max": 740000}, "geometry": {"type": "Point", "coordinates": [18.64004, 54.359975]}}, {"type": "Feature", "properties": {"name": "Bytom", "adm0_a3": "POL", "pop_max": 662247}, "geometry": {"type": "Point", "coordinates": [18.909998, 50.350039]}}, {"type": "Feature", "properties": {"name": "Shanghai", "adm0_a3": "CHN", "pop_max": 14987000}, "geometry": {"type": "Point", "coordinates": [121.434559, 31.218398]}}, {"type": "Feature", "properties": {"name": "Beijing", "adm0_a3": "CHN", "pop_max": 11106000}, "geometry": {"type": "Point", "coordinates": [116.394201, 39.90172]}}, {"type": "Feature", "properties": {"name": "Guangzhou", "adm0_a3": "CHN", "pop_max": 8829000}, "geometry": {"type": "Point", "coordinates": [113.261785, 23.124723]}}, {"type": "Feature", "properties": {"name": "Shenzhen", "adm0_a3": "CHN", "pop_max": 7581000}, "geometry": {"type": "Point", "coordinates": [114.061154, 22.548097]}}, {"type": "Feature", "properties": {"name": "Wuhan", "adm0_a3": "CHN", "pop_max": 7243000}, "geometry": {"type": "Point", "coordinates": [114.268071, 30.581977]}}, {"type": "Feature", "properties": {"name": "Tianjin", "adm0_a3": "CHN", "pop_max": 7180000}, "geometry": {"type": "Point", "coordinates": [117.196607, 39.082772]}}, {"type": "Feature", "properties": {"name": "Chongqing", "adm0_a3": "CHN", "pop_max": 6461000}, "geometry": {"type": "Point", "coordinates": [106.593036, 29.566923]}}, {"type": "Feature", "properties": {"name": "Shenyeng", "adm0_a3": "CHN", "pop_max": 4787000}, "geometry": {"type": "Point", "coordinates": [123.448028, 41.806925]}}, {"type": "Feature", "properties": {"name": "Dongguan", "adm0_a3": "CHN", "pop_max": 4528000}, "geometry": {"type": "Point", "coordinates": [113.750474, 23.021537]}}, {"type": "Feature", "properties": {"name": "Chengdu", "adm0_a3": "CHN", "pop_max": 4123000}, "geometry": {"type": "Point", "coordinates": [104.068074, 30.671946]}}, {"type": "Feature", "properties": {"name": "Xian", "adm0_a3": "CHN", "pop_max": 4009000}, "geometry": {"type": "Point", "coordinates": [108.89305, 34.276971]}}, {"type": "Feature", "properties": {"name": "Hechi", "adm0_a3": "CHN", "pop_max": 3830000}, "geometry": {"type": "Point", "coordinates": [108.083, 24.695252]}}, {"type": "Feature", "properties": {"name": "Nanjing", "adm0_a3": "CHN", "pop_max": 3679000}, "geometry": {"type": "Point", "coordinates": [118.778029, 32.051965]}}, {"type": "Feature", "properties": {"name": "Guiyang", "adm0_a3": "CHN", "pop_max": 3662000}, "geometry": {"type": "Point", "coordinates": [106.718093, 26.581989]}}, {"type": "Feature", "properties": {"name": "Harbin", "adm0_a3": "CHN", "pop_max": 3621000}, "geometry": {"type": "Point", "coordinates": [126.648039, 45.75193]}}, {"type": "Feature", "properties": {"name": "\u00dcr\u00fcmqi", "adm0_a3": "CHN", "pop_max": 3575000}, "geometry": {"type": "Point", "coordinates": [87.57306, 43.806958]}}, {"type": "Feature", "properties": {"name": "Zhangzhou", "adm0_a3": "CHN", "pop_max": 3531147}, "geometry": {"type": "Point", "coordinates": [117.670016, 24.520375]}}, {"type": "Feature", "properties": {"name": "Changchun", "adm0_a3": "CHN", "pop_max": 3183000}, "geometry": {"type": "Point", "coordinates": [125.338042, 43.866954]}}, {"type": "Feature", "properties": {"name": "Dalian", "adm0_a3": "CHN", "pop_max": 3167000}, "geometry": {"type": "Point", "coordinates": [121.627885, 38.924784]}}, {"type": "Feature", "properties": {"name": "Zibo", "adm0_a3": "CHN", "pop_max": 3061000}, "geometry": {"type": "Point", "coordinates": [117.99646, 36.821365]}}, {"type": "Feature", "properties": {"name": "Hangzhou", "adm0_a3": "CHN", "pop_max": 3007000}, "geometry": {"type": "Point", "coordinates": [120.168073, 30.25192]}}, {"type": "Feature", "properties": {"name": "Kunming", "adm0_a3": "CHN", "pop_max": 2931000}, "geometry": {"type": "Point", "coordinates": [102.69744, 25.042859]}}, {"type": "Feature", "properties": {"name": "Taiyuan", "adm0_a3": "CHN", "pop_max": 2913000}, "geometry": {"type": "Point", "coordinates": [112.543112, 37.876958]}}, {"type": "Feature", "properties": {"name": "Qingdao", "adm0_a3": "CHN", "pop_max": 2866000}, "geometry": {"type": "Point", "coordinates": [120.328063, 36.091925]}}, {"type": "Feature", "properties": {"name": "Jinan", "adm0_a3": "CHN", "pop_max": 2798000}, "geometry": {"type": "Point", "coordinates": [116.993073, 36.676928]}}, {"type": "Feature", "properties": {"name": "Zhengzhou", "adm0_a3": "CHN", "pop_max": 2636000}, "geometry": {"type": "Point", "coordinates": [113.663147, 34.756942]}}, {"type": "Feature", "properties": {"name": "Fuzhou", "adm0_a3": "CHN", "pop_max": 2606000}, "geometry": {"type": "Point", "coordinates": [119.2981, 26.081942]}}, {"type": "Feature", "properties": {"name": "Changsha", "adm0_a3": "CHN", "pop_max": 2604000}, "geometry": {"type": "Point", "coordinates": [112.968047, 28.201916]}}, {"type": "Feature", "properties": {"name": "Xiangtan", "adm0_a3": "CHN", "pop_max": 2586948}, "geometry": {"type": "Point", "coordinates": [112.900023, 27.850431]}}, {"type": "Feature", "properties": {"name": "Lanzhou", "adm0_a3": "CHN", "pop_max": 2561000}, "geometry": {"type": "Point", "coordinates": [103.790054, 36.057974]}}, {"type": "Feature", "properties": {"name": "Xiamen", "adm0_a3": "CHN", "pop_max": 2519000}, "geometry": {"type": "Point", "coordinates": [118.078071, 24.451938]}}, {"type": "Feature", "properties": {"name": "Jinxi", "adm0_a3": "CHN", "pop_max": 2426000}, "geometry": {"type": "Point", "coordinates": [120.828033, 40.752287]}}, {"type": "Feature", "properties": {"name": "Shijiazhuang", "adm0_a3": "CHN", "pop_max": 2417000}, "geometry": {"type": "Point", "coordinates": [114.478032, 38.05196]}}, {"type": "Feature", "properties": {"name": "Jilin", "adm0_a3": "CHN", "pop_max": 2396000}, "geometry": {"type": "Point", "coordinates": [126.548097, 43.851917]}}, {"type": "Feature", "properties": {"name": "Wenzhou", "adm0_a3": "CHN", "pop_max": 2350000}, "geometry": {"type": "Point", "coordinates": [120.648147, 28.021927]}}, {"type": "Feature", "properties": {"name": "Nanchang", "adm0_a3": "CHN", "pop_max": 2350000}, "geometry": {"type": "Point", "coordinates": [115.87805, 28.681938]}}, {"type": "Feature", "properties": {"name": "Nanchong", "adm0_a3": "CHN", "pop_max": 2174000}, "geometry": {"type": "Point", "coordinates": [106.128051, 30.782378]}}, {"type": "Feature", "properties": {"name": "Nanning", "adm0_a3": "CHN", "pop_max": 2167000}, "geometry": {"type": "Point", "coordinates": [108.318099, 22.821934]}}, {"type": "Feature", "properties": {"name": "Zaozhuang", "adm0_a3": "CHN", "pop_max": 2145000}, "geometry": {"type": "Point", "coordinates": [117.568077, 34.881947]}}, {"type": "Feature", "properties": {"name": "Yantai", "adm0_a3": "CHN", "pop_max": 2116000}, "geometry": {"type": "Point", "coordinates": [121.398075, 37.532354]}}, {"type": "Feature", "properties": {"name": "Xuzhou", "adm0_a3": "CHN", "pop_max": 2091000}, "geometry": {"type": "Point", "coordinates": [117.178074, 34.281958]}}, {"type": "Feature", "properties": {"name": "Linyi", "adm0_a3": "CHN", "pop_max": 2082000}, "geometry": {"type": "Point", "coordinates": [118.32803, 35.081935]}}, {"type": "Feature", "properties": {"name": "Haikou", "adm0_a3": "CHN", "pop_max": 2046189}, "geometry": {"type": "Point", "coordinates": [110.320026, 20.050002]}}, {"type": "Feature", "properties": {"name": "Baotou", "adm0_a3": "CHN", "pop_max": 2036000}, "geometry": {"type": "Point", "coordinates": [109.820074, 40.654153]}}, {"type": "Feature", "properties": {"name": "Hefei", "adm0_a3": "CHN", "pop_max": 2035000}, "geometry": {"type": "Point", "coordinates": [117.278068, 31.851977]}}, {"type": "Feature", "properties": {"name": "Suzhou", "adm0_a3": "CHN", "pop_max": 1964000}, "geometry": {"type": "Point", "coordinates": [116.976943, 33.638057]}}, {"type": "Feature", "properties": {"name": "Nanyang", "adm0_a3": "CHN", "pop_max": 1944000}, "geometry": {"type": "Point", "coordinates": [112.528074, 33.002346]}}, {"type": "Feature", "properties": {"name": "Ningbo", "adm0_a3": "CHN", "pop_max": 1923000}, "geometry": {"type": "Point", "coordinates": [121.548092, 29.881917]}}, {"type": "Feature", "properties": {"name": "Tangshan", "adm0_a3": "CHN", "pop_max": 1879000}, "geometry": {"type": "Point", "coordinates": [118.192431, 39.626283]}}, {"type": "Feature", "properties": {"name": "Datong", "adm0_a3": "CHN", "pop_max": 1873000}, "geometry": {"type": "Point", "coordinates": [113.298053, 40.081966]}}, {"type": "Feature", "properties": {"name": "Shuyang", "adm0_a3": "CHN", "pop_max": 1770000}, "geometry": {"type": "Point", "coordinates": [118.77336, 34.129866]}}, {"type": "Feature", "properties": {"name": "Shangqiu", "adm0_a3": "CHN", "pop_max": 1753000}, "geometry": {"type": "Point", "coordinates": [115.64961, 34.412942]}}, {"type": "Feature", "properties": {"name": "Wuxi", "adm0_a3": "CHN", "pop_max": 1749000}, "geometry": {"type": "Point", "coordinates": [120.298039, 31.581942]}}, {"type": "Feature", "properties": {"name": "Hohhot", "adm0_a3": "CHN", "pop_max": 1726000}, "geometry": {"type": "Point", "coordinates": [111.65805, 40.821921]}}, {"type": "Feature", "properties": {"name": "Luoyang", "adm0_a3": "CHN", "pop_max": 1715000}, "geometry": {"type": "Point", "coordinates": [112.444471, 34.64377]}}, {"type": "Feature", "properties": {"name": "Jianmen", "adm0_a3": "CHN", "pop_max": 1708000}, "geometry": {"type": "Point", "coordinates": [113.158061, 30.651999]}}, {"type": "Feature", "properties": {"name": "Daqing", "adm0_a3": "CHN", "pop_max": 1693000}, "geometry": {"type": "Point", "coordinates": [124.998062, 46.581905]}}, {"type": "Feature", "properties": {"name": "Luan", "adm0_a3": "CHN", "pop_max": 1690000}, "geometry": {"type": "Point", "coordinates": [116.478065, 31.752293]}}, {"type": "Feature", "properties": {"name": "Wanzhou", "adm0_a3": "CHN", "pop_max": 1680000}, "geometry": {"type": "Point", "coordinates": [108.400039, 30.819991]}}, {"type": "Feature", "properties": {"name": "Suzhou", "adm0_a3": "CHN", "pop_max": 1650000}, "geometry": {"type": "Point", "coordinates": [120.618071, 31.302424]}}, {"type": "Feature", "properties": {"name": "Qiqihar", "adm0_a3": "CHN", "pop_max": 1641000}, "geometry": {"type": "Point", "coordinates": [123.988046, 47.346923]}}, {"type": "Feature", "properties": {"name": "Anshan", "adm0_a3": "CHN", "pop_max": 1639000}, "geometry": {"type": "Point", "coordinates": [122.938085, 41.116967]}}, {"type": "Feature", "properties": {"name": "Handan", "adm0_a3": "CHN", "pop_max": 1631000}, "geometry": {"type": "Point", "coordinates": [114.478032, 36.581921]}}, {"type": "Feature", "properties": {"name": "Taian", "adm0_a3": "CHN", "pop_max": 1629000}, "geometry": {"type": "Point", "coordinates": [117.11813, 36.201944]}}, {"type": "Feature", "properties": {"name": "Shantou", "adm0_a3": "CHN", "pop_max": 1601000}, "geometry": {"type": "Point", "coordinates": [116.66808, 23.371952]}}, {"type": "Feature", "properties": {"name": "Zhanjiang", "adm0_a3": "CHN", "pop_max": 1590000}, "geometry": {"type": "Point", "coordinates": [110.378076, 21.20193]}}, {"type": "Feature", "properties": {"name": "Xiantao", "adm0_a3": "CHN", "pop_max": 1556000}, "geometry": {"type": "Point", "coordinates": [113.438096, 30.372352]}}, {"type": "Feature", "properties": {"name": "Weifang", "adm0_a3": "CHN", "pop_max": 1553000}, "geometry": {"type": "Point", "coordinates": [119.155626, 36.702285]}}, {"type": "Feature", "properties": {"name": "Xinyang", "adm0_a3": "CHN", "pop_max": 1541000}, "geometry": {"type": "Point", "coordinates": [114.068032, 32.132322]}}, {"type": "Feature", "properties": {"name": "Luzhou", "adm0_a3": "CHN", "pop_max": 1537000}, "geometry": {"type": "Point", "coordinates": [105.378071, 28.881926]}}, {"type": "Feature", "properties": {"name": "Ganzhou", "adm0_a3": "CHN", "pop_max": 1500000}, "geometry": {"type": "Point", "coordinates": [114.950027, 25.91998]}}, {"type": "Feature", "properties": {"name": "Liuzhou", "adm0_a3": "CHN", "pop_max": 1497000}, "geometry": {"type": "Point", "coordinates": [109.413529, 24.320777]}}, {"type": "Feature", "properties": {"name": "Fushun", "adm0_a3": "CHN", "pop_max": 1470000}, "geometry": {"type": "Point", "coordinates": [123.868054, 41.867335]}}, {"type": "Feature", "properties": {"name": "Changde", "adm0_a3": "CHN", "pop_max": 1469000}, "geometry": {"type": "Point", "coordinates": [111.6781, 29.031943]}}, {"type": "Feature", "properties": {"name": "Neijiang", "adm0_a3": "CHN", "pop_max": 1466000}, "geometry": {"type": "Point", "coordinates": [105.048066, 29.582323]}}, {"type": "Feature", "properties": {"name": "Quanzhou", "adm0_a3": "CHN", "pop_max": 1463000}, "geometry": {"type": "Point", "coordinates": [118.578041, 24.901962]}}, {"type": "Feature", "properties": {"name": "Huainan", "adm0_a3": "CHN", "pop_max": 1451000}, "geometry": {"type": "Point", "coordinates": [116.978035, 32.63193]}}, {"type": "Feature", "properties": {"name": "Suining", "adm0_a3": "CHN", "pop_max": 1425000}, "geometry": {"type": "Point", "coordinates": [105.531387, 30.535279]}}, {"type": "Feature", "properties": {"name": "Mianyang", "adm0_a3": "CHN", "pop_max": 1396000}, "geometry": {"type": "Point", "coordinates": [104.689993, 31.464828]}}, {"type": "Feature", "properties": {"name": "Maanshan", "adm0_a3": "CHN", "pop_max": 1366302}, "geometry": {"type": "Point", "coordinates": [118.485148, 31.672564]}}, {"type": "Feature", "properties": {"name": "Yiyang", "adm0_a3": "CHN", "pop_max": 1352000}, "geometry": {"type": "Point", "coordinates": [112.328086, 28.602356]}}, {"type": "Feature", "properties": {"name": "Heze", "adm0_a3": "CHN", "pop_max": 1338000}, "geometry": {"type": "Point", "coordinates": [115.448103, 35.231926]}}, {"type": "Feature", "properties": {"name": "Changzhou", "adm0_a3": "CHN", "pop_max": 1327000}, "geometry": {"type": "Point", "coordinates": [119.968033, 31.78193]}}, {"type": "Feature", "properties": {"name": "Chifeng", "adm0_a3": "CHN", "pop_max": 1277000}, "geometry": {"type": "Point", "coordinates": [118.948044, 42.271961]}}, {"type": "Feature", "properties": {"name": "Huaiyin", "adm0_a3": "CHN", "pop_max": 1264000}, "geometry": {"type": "Point", "coordinates": [119.065967, 33.585165]}}, {"type": "Feature", "properties": {"name": "Mudangiang", "adm0_a3": "CHN", "pop_max": 1244000}, "geometry": {"type": "Point", "coordinates": [129.588066, 44.576963]}}, {"type": "Feature", "properties": {"name": "Huzhou", "adm0_a3": "CHN", "pop_max": 1231000}, "geometry": {"type": "Point", "coordinates": [120.098051, 30.872321]}}, {"type": "Feature", "properties": {"name": "Tianshui", "adm0_a3": "CHN", "pop_max": 1225000}, "geometry": {"type": "Point", "coordinates": [105.918038, 34.601964]}}, {"type": "Feature", "properties": {"name": "Liupanshui", "adm0_a3": "CHN", "pop_max": 1221000}, "geometry": {"type": "Point", "coordinates": [104.831386, 26.596381]}}, {"type": "Feature", "properties": {"name": "Maoming", "adm0_a3": "CHN", "pop_max": 1217715}, "geometry": {"type": "Point", "coordinates": [110.870018, 21.920405]}}, {"type": "Feature", "properties": {"name": "Jining", "adm0_a3": "CHN", "pop_max": 1186000}, "geometry": {"type": "Point", "coordinates": [116.548087, 35.402355]}}, {"type": "Feature", "properties": {"name": "Leshan", "adm0_a3": "CHN", "pop_max": 1157000}, "geometry": {"type": "Point", "coordinates": [103.731402, 29.569042]}}, {"type": "Feature", "properties": {"name": "Shangrao", "adm0_a3": "CHN", "pop_max": 1144577}, "geometry": {"type": "Point", "coordinates": [117.969998, 28.470393]}}, {"type": "Feature", "properties": {"name": "Yulin", "adm0_a3": "CHN", "pop_max": 1127000}, "geometry": {"type": "Point", "coordinates": [110.148064, 22.63192]}}, {"type": "Feature", "properties": {"name": "Xianyang", "adm0_a3": "CHN", "pop_max": 1126000}, "geometry": {"type": "Point", "coordinates": [108.712776, 34.347501]}}, {"type": "Feature", "properties": {"name": "Baoding", "adm0_a3": "CHN", "pop_max": 1107000}, "geometry": {"type": "Point", "coordinates": [115.468897, 38.85834]}}, {"type": "Feature", "properties": {"name": "Zigong", "adm0_a3": "CHN", "pop_max": 1105000}, "geometry": {"type": "Point", "coordinates": [104.778056, 29.401946]}}, {"type": "Feature", "properties": {"name": "Ankang", "adm0_a3": "CHN", "pop_max": 1100000}, "geometry": {"type": "Point", "coordinates": [109.020002, 32.679981]}}, {"type": "Feature", "properties": {"name": "Jinhua", "adm0_a3": "CHN", "pop_max": 1092852}, "geometry": {"type": "Point", "coordinates": [119.649999, 29.120043]}}, {"type": "Feature", "properties": {"name": "Zhuzhou", "adm0_a3": "CHN", "pop_max": 1080000}, "geometry": {"type": "Point", "coordinates": [113.148088, 27.831938]}}, {"type": "Feature", "properties": {"name": "Paris", "adm0_a3": "FRA", "pop_max": 9904000}, "geometry": {"type": "Point", "coordinates": [2.352992, 48.858092]}}, {"type": "Feature", "properties": {"name": "Lyon", "adm0_a3": "FRA", "pop_max": 1423000}, "geometry": {"type": "Point", "coordinates": [4.828085, 45.771954]}}, {"type": "Feature", "properties": {"name": "Marseille", "adm0_a3": "FRA", "pop_max": 1400000}, "geometry": {"type": "Point", "coordinates": [5.373064, 43.291925]}}, {"type": "Feature", "properties": {"name": "Lille", "adm0_a3": "FRA", "pop_max": 1044000}, "geometry": {"type": "Point", "coordinates": [3.078062, 50.651915]}}, {"type": "Feature", "properties": {"name": "Nice", "adm0_a3": "FRA", "pop_max": 927000}, "geometry": {"type": "Point", "coordinates": [7.263078, 43.716964]}}, {"type": "Feature", "properties": {"name": "Toulouse", "adm0_a3": "FRA", "pop_max": 847000}, "geometry": {"type": "Point", "coordinates": [1.447981, 43.621905]}}, {"type": "Feature", "properties": {"name": "Bordeaux", "adm0_a3": "FRA", "pop_max": 803000}, "geometry": {"type": "Point", "coordinates": [-0.596959, 44.851959]}}, {"type": "Feature", "properties": {"name": "Rouen", "adm0_a3": "FRA", "pop_max": 532559}, "geometry": {"type": "Point", "coordinates": [1.079975, 49.430405]}}, {"type": "Feature", "properties": {"name": "Strasbourg", "adm0_a3": "FRA", "pop_max": 439972}, "geometry": {"type": "Point", "coordinates": [7.750007, 48.579966]}}, {"type": "Feature", "properties": {"name": "Nantes", "adm0_a3": "FRA", "pop_max": 438537}, "geometry": {"type": "Point", "coordinates": [-1.590017, 47.210386]}}, {"type": "Feature", "properties": {"name": "Metz", "adm0_a3": "FRA", "pop_max": 409186}, "geometry": {"type": "Point", "coordinates": [6.180026, 49.120347]}}, {"type": "Feature", "properties": {"name": "Grenoble", "adm0_a3": "FRA", "pop_max": 388574}, "geometry": {"type": "Point", "coordinates": [5.720002, 45.18038]}}, {"type": "Feature", "properties": {"name": "Toulon", "adm0_a3": "FRA", "pop_max": 357693}, "geometry": {"type": "Point", "coordinates": [5.918822, 43.134186]}}, {"type": "Feature", "properties": {"name": "Montpellier", "adm0_a3": "FRA", "pop_max": 327254}, "geometry": {"type": "Point", "coordinates": [3.869986, 43.610399]}}, {"type": "Feature", "properties": {"name": "Nancy", "adm0_a3": "FRA", "pop_max": 268976}, "geometry": {"type": "Point", "coordinates": [6.200024, 48.683681]}}, {"type": "Feature", "properties": {"name": "Saint-\u00c9tienne", "adm0_a3": "FRA", "pop_max": 265684}, "geometry": {"type": "Point", "coordinates": [4.380032, 45.430391]}}, {"type": "Feature", "properties": {"name": "Fort-de-France", "adm0_a3": "FRA", "pop_max": 253995}, "geometry": {"type": "Point", "coordinates": [-61.080029, 14.610412]}}, {"type": "Feature", "properties": {"name": "Havana", "adm0_a3": "CUB", "pop_max": 2174000}, "geometry": {"type": "Point", "coordinates": [-82.366128, 23.133905]}}, {"type": "Feature", "properties": {"name": "Santiago de Cuba", "adm0_a3": "CUB", "pop_max": 555865}, "geometry": {"type": "Point", "coordinates": [-75.821326, 20.025017]}}, {"type": "Feature", "properties": {"name": "Camag\u00fcey", "adm0_a3": "CUB", "pop_max": 347562}, "geometry": {"type": "Point", "coordinates": [-77.916934, 21.380825]}}, {"type": "Feature", "properties": {"name": "Holgu\u00edn", "adm0_a3": "CUB", "pop_max": 319102}, "geometry": {"type": "Point", "coordinates": [-76.263056, 20.887238]}}, {"type": "Feature", "properties": {"name": "Guant\u00e1namo", "adm0_a3": "CUB", "pop_max": 272801}, "geometry": {"type": "Point", "coordinates": [-75.206144, 20.145294]}}, {"type": "Feature", "properties": {"name": "Santa Clara", "adm0_a3": "CUB", "pop_max": 250512}, "geometry": {"type": "Point", "coordinates": [-79.966654, 22.400014]}}, {"type": "Feature", "properties": {"name": "Tokyo", "adm0_a3": "JPN", "pop_max": 35676000}, "geometry": {"type": "Point", "coordinates": [139.749462, 35.686963]}}, {"type": "Feature", "properties": {"name": "\u014csaka", "adm0_a3": "JPN", "pop_max": 11294000}, "geometry": {"type": "Point", "coordinates": [135.503754, 34.691095]}}, {"type": "Feature", "properties": {"name": "Yokohama", "adm0_a3": "JPN", "pop_max": 3697894}, "geometry": {"type": "Point", "coordinates": [139.602021, 35.430656]}}, {"type": "Feature", "properties": {"name": "Nagoya", "adm0_a3": "JPN", "pop_max": 3230000}, "geometry": {"type": "Point", "coordinates": [136.913046, 35.156943]}}, {"type": "Feature", "properties": {"name": "Fukuoka", "adm0_a3": "JPN", "pop_max": 2792000}, "geometry": {"type": "Point", "coordinates": [130.408068, 33.596961]}}, {"type": "Feature", "properties": {"name": "Sapporo", "adm0_a3": "JPN", "pop_max": 2544000}, "geometry": {"type": "Point", "coordinates": [141.338099, 43.076925]}}, {"type": "Feature", "properties": {"name": "Sendai", "adm0_a3": "JPN", "pop_max": 2250000}, "geometry": {"type": "Point", "coordinates": [140.869667, 38.268441]}}, {"type": "Feature", "properties": {"name": "Hiroshima", "adm0_a3": "JPN", "pop_max": 2045000}, "geometry": {"type": "Point", "coordinates": [132.440967, 34.389781]}}, {"type": "Feature", "properties": {"name": "Kyoto", "adm0_a3": "JPN", "pop_max": 1805000}, "geometry": {"type": "Point", "coordinates": [135.748052, 35.031938]}}, {"type": "Feature", "properties": {"name": "K\u014dbe", "adm0_a3": "JPN", "pop_max": 1528478}, "geometry": {"type": "Point", "coordinates": [135.169982, 34.679988]}}, {"type": "Feature", "properties": {"name": "Kawasaki", "adm0_a3": "JPN", "pop_max": 1437266}, "geometry": {"type": "Point", "coordinates": [139.705002, 35.529988]}}, {"type": "Feature", "properties": {"name": "Kitaky\u016bsh\u016b", "adm0_a3": "JPN", "pop_max": 997536}, "geometry": {"type": "Point", "coordinates": [130.820015, 33.870399]}}, {"type": "Feature", "properties": {"name": "Hamamatsu", "adm0_a3": "JPN", "pop_max": 977023}, "geometry": {"type": "Point", "coordinates": [137.732719, 34.718073]}}, {"type": "Feature", "properties": {"name": "Naha", "adm0_a3": "JPN", "pop_max": 905238}, "geometry": {"type": "Point", "coordinates": [127.672972, 26.207172]}}, {"type": "Feature", "properties": {"name": "Okayama", "adm0_a3": "JPN", "pop_max": 866092}, "geometry": {"type": "Point", "coordinates": [133.917087, 34.67203]}}, {"type": "Feature", "properties": {"name": "Kumamoto", "adm0_a3": "JPN", "pop_max": 718232}, "geometry": {"type": "Point", "coordinates": [130.700642, 32.800929]}}, {"type": "Feature", "properties": {"name": "Shizuoka", "adm0_a3": "JPN", "pop_max": 701561}, "geometry": {"type": "Point", "coordinates": [138.385393, 34.985835]}}, {"type": "Feature", "properties": {"name": "Santiago", "adm0_a3": "CHL", "pop_max": 5720000}, "geometry": {"type": "Point", "coordinates": [-70.650504, -33.440205]}}, {"type": "Feature", "properties": {"name": "Concepci\u00f3n", "adm0_a3": "CHL", "pop_max": 889725}, "geometry": {"type": "Point", "coordinates": [-73.050022, -36.830014]}}, {"type": "Feature", "properties": {"name": "Valpara\u00edso", "adm0_a3": "CHL", "pop_max": 854000}, "geometry": {"type": "Point", "coordinates": [-71.617026, -33.047739]}}, {"type": "Feature", "properties": {"name": "Vi\u00f1a del Mar", "adm0_a3": "CHL", "pop_max": 503534}, "geometry": {"type": "Point", "coordinates": [-71.557083, -33.024898]}}, {"type": "Feature", "properties": {"name": "Antofagasta", "adm0_a3": "CHL", "pop_max": 309832}, "geometry": {"type": "Point", "coordinates": [-70.400003, -23.649992]}}, {"type": "Feature", "properties": {"name": "Talcahuano", "adm0_a3": "CHL", "pop_max": 288074}, "geometry": {"type": "Point", "coordinates": [-73.116659, -36.716688]}}, {"type": "Feature", "properties": {"name": "Temuco", "adm0_a3": "CHL", "pop_max": 265901}, "geometry": {"type": "Point", "coordinates": [-72.579999, -38.730002]}}, {"type": "Feature", "properties": {"name": "San Bernardo", "adm0_a3": "CHL", "pop_max": 246762}, "geometry": {"type": "Point", "coordinates": [-70.699985, -33.599979]}}, {"type": "Feature", "properties": {"name": "Rancagua", "adm0_a3": "CHL", "pop_max": 233268}, "geometry": {"type": "Point", "coordinates": [-70.739982, -34.170021]}}, {"type": "Feature", "properties": {"name": "Iquique", "adm0_a3": "CHL", "pop_max": 227499}, "geometry": {"type": "Point", "coordinates": [-70.129968, -20.249993]}}, {"type": "Feature", "properties": {"name": "Talca", "adm0_a3": "CHL", "pop_max": 197479}, "geometry": {"type": "Point", "coordinates": [-71.665637, -35.43021]}}, {"type": "Feature", "properties": {"name": "Arica", "adm0_a3": "CHL", "pop_max": 185999}, "geometry": {"type": "Point", "coordinates": [-70.289984, -18.500022]}}, {"type": "Feature", "properties": {"name": "Puerto Montt", "adm0_a3": "CHL", "pop_max": 174629}, "geometry": {"type": "Point", "coordinates": [-72.929978, -41.469989]}}, {"type": "Feature", "properties": {"name": "Coquimbo", "adm0_a3": "CHL", "pop_max": 161317}, "geometry": {"type": "Point", "coordinates": [-71.343615, -29.952915]}}, {"type": "Feature", "properties": {"name": "Valdivia", "adm0_a3": "CHL", "pop_max": 159599}, "geometry": {"type": "Point", "coordinates": [-73.233111, -39.821651]}}, {"type": "Feature", "properties": {"name": "La Serena", "adm0_a3": "CHL", "pop_max": 154521}, "geometry": {"type": "Point", "coordinates": [-71.249977, -29.899998]}}, {"type": "Feature", "properties": {"name": "Osorno", "adm0_a3": "CHL", "pop_max": 154131}, "geometry": {"type": "Point", "coordinates": [-73.130661, -40.578707]}}, {"type": "Feature", "properties": {"name": "Chill\u00e1n", "adm0_a3": "CHL", "pop_max": 150396}, "geometry": {"type": "Point", "coordinates": [-72.111291, -36.606832]}}, {"type": "Feature", "properties": {"name": "Los Angeles", "adm0_a3": "CHL", "pop_max": 145239}, "geometry": {"type": "Point", "coordinates": [-72.346924, -37.479741]}}, {"type": "Feature", "properties": {"name": "Calama", "adm0_a3": "CHL", "pop_max": 143084}, "geometry": {"type": "Point", "coordinates": [-68.91999, -22.450013]}}, {"type": "Feature", "properties": {"name": "Copiap\u00f3", "adm0_a3": "CHL", "pop_max": 129280}, "geometry": {"type": "Point", "coordinates": [-70.329955, -27.371779]}}, {"type": "Feature", "properties": {"name": "Tbilisi", "adm0_a3": "GEO", "pop_max": 1100000}, "geometry": {"type": "Point", "coordinates": [44.78885, 41.726956]}}, {"type": "Feature", "properties": {"name": "Belgrade", "adm0_a3": "SRB", "pop_max": 1099000}, "geometry": {"type": "Point", "coordinates": [20.466045, 44.820591]}}, {"type": "Feature", "properties": {"name": "S\u00e3o Paulo", "adm0_a3": "BRA", "pop_max": 18845000}, "geometry": {"type": "Point", "coordinates": [-46.626966, -23.556734]}}, {"type": "Feature", "properties": {"name": "Rio de Janeiro", "adm0_a3": "BRA", "pop_max": 11748000}, "geometry": {"type": "Point", "coordinates": [-43.212117, -22.907308]}}, {"type": "Feature", "properties": {"name": "Belo Horizonte", "adm0_a3": "BRA", "pop_max": 5575000}, "geometry": {"type": "Point", "coordinates": [-43.91695, -19.91308]}}, {"type": "Feature", "properties": {"name": "Porto Alegre", "adm0_a3": "BRA", "pop_max": 3917000}, "geometry": {"type": "Point", "coordinates": [-51.201958, -30.048069]}}, {"type": "Feature", "properties": {"name": "Bras\u00edlia", "adm0_a3": "BRA", "pop_max": 3716996}, "geometry": {"type": "Point", "coordinates": [-47.917998, -15.781394]}}, {"type": "Feature", "properties": {"name": "Recife", "adm0_a3": "BRA", "pop_max": 3651000}, "geometry": {"type": "Point", "coordinates": [-34.908766, -8.060532]}}, {"type": "Feature", "properties": {"name": "Fortaleza", "adm0_a3": "BRA", "pop_max": 3602319}, "geometry": {"type": "Point", "coordinates": [-38.581927, -3.748072]}}, {"type": "Feature", "properties": {"name": "Salvador", "adm0_a3": "BRA", "pop_max": 3484000}, "geometry": {"type": "Point", "coordinates": [-38.481933, -12.968026]}}, {"type": "Feature", "properties": {"name": "Curitiba", "adm0_a3": "BRA", "pop_max": 3084000}, "geometry": {"type": "Point", "coordinates": [-49.321944, -25.418067]}}, {"type": "Feature", "properties": {"name": "Campinas", "adm0_a3": "BRA", "pop_max": 2791000}, "geometry": {"type": "Point", "coordinates": [-47.055885, -22.907898]}}, {"type": "Feature", "properties": {"name": "Bel\u00e9m", "adm0_a3": "BRA", "pop_max": 2167000}, "geometry": {"type": "Point", "coordinates": [-48.481969, -1.448057]}}, {"type": "Feature", "properties": {"name": "Goi\u00e2nia", "adm0_a3": "BRA", "pop_max": 2022000}, "geometry": {"type": "Point", "coordinates": [-49.301971, -16.718081]}}, {"type": "Feature", "properties": {"name": "Manaus", "adm0_a3": "BRA", "pop_max": 1753000}, "geometry": {"type": "Point", "coordinates": [-60.001963, -3.098086]}}, {"type": "Feature", "properties": {"name": "Santos", "adm0_a3": "BRA", "pop_max": 1709000}, "geometry": {"type": "Point", "coordinates": [-46.328496, -23.961836]}}, {"type": "Feature", "properties": {"name": "Vit\u00f3ria", "adm0_a3": "BRA", "pop_max": 1704000}, "geometry": {"type": "Point", "coordinates": [-40.353943, -20.332042]}}, {"type": "Feature", "properties": {"name": "Niter\u00f3i", "adm0_a3": "BRA", "pop_max": 1500513}, "geometry": {"type": "Point", "coordinates": [-43.105826, -22.882534]}}, {"type": "Feature", "properties": {"name": "Vila Velha", "adm0_a3": "BRA", "pop_max": 1209091}, "geometry": {"type": "Point", "coordinates": [-51.216652, 3.216663]}}, {"type": "Feature", "properties": {"name": "Vila Velha", "adm0_a3": "BRA", "pop_max": 1209091}, "geometry": {"type": "Point", "coordinates": [-40.290233, -20.338046]}}, {"type": "Feature", "properties": {"name": "Macei\u00f3", "adm0_a3": "BRA", "pop_max": 1186000}, "geometry": {"type": "Point", "coordinates": [-35.73192, -9.61805]}}, {"type": "Feature", "properties": {"name": "Natal", "adm0_a3": "BRA", "pop_max": 1088000}, "geometry": {"type": "Point", "coordinates": [-35.24195, -5.778077]}}, {"type": "Feature", "properties": {"name": "S\u00e3o Lu\u00eds", "adm0_a3": "BRA", "pop_max": 1038000}, "geometry": {"type": "Point", "coordinates": [-44.267937, -2.514039]}}, {"type": "Feature", "properties": {"name": "Florian\u00f3polis", "adm0_a3": "BRA", "pop_max": 1023000}, "geometry": {"type": "Point", "coordinates": [-48.521966, -27.578039]}}, {"type": "Feature", "properties": {"name": "Joinville", "adm0_a3": "BRA", "pop_max": 988000}, "geometry": {"type": "Point", "coordinates": [-48.841895, -26.318012]}}, {"type": "Feature", "properties": {"name": "Natal", "adm0_a3": "BRA", "pop_max": 980588}, "geometry": {"type": "Point", "coordinates": [-60.269949, -6.983826]}}, {"type": "Feature", "properties": {"name": "Jo\u00e3o Pessoa", "adm0_a3": "BRA", "pop_max": 956000}, "geometry": {"type": "Point", "coordinates": [-34.878017, -7.099189]}}, {"type": "Feature", "properties": {"name": "Olinda", "adm0_a3": "BRA", "pop_max": 921840}, "geometry": {"type": "Point", "coordinates": [-34.849951, -7.999991]}}, {"type": "Feature", "properties": {"name": "Teresina", "adm0_a3": "BRA", "pop_max": 907000}, "geometry": {"type": "Point", "coordinates": [-42.781955, -5.093055]}}, {"type": "Feature", "properties": {"name": "Novo Hamburgo", "adm0_a3": "BRA", "pop_max": 876990}, "geometry": {"type": "Point", "coordinates": [-51.13999, -29.709622]}}, {"type": "Feature", "properties": {"name": "Nova Igua\u00e7u", "adm0_a3": "BRA", "pop_max": 844583}, "geometry": {"type": "Point", "coordinates": [-43.44519, -22.755052]}}, {"type": "Feature", "properties": {"name": "Duque de Caxias", "adm0_a3": "BRA", "pop_max": 842890}, "geometry": {"type": "Point", "coordinates": [-43.305602, -22.796378]}}, {"type": "Feature", "properties": {"name": "Cuiab\u00e1", "adm0_a3": "BRA", "pop_max": 806000}, "geometry": {"type": "Point", "coordinates": [-56.086931, -15.567661]}}, {"type": "Feature", "properties": {"name": "Campo Grande", "adm0_a3": "BRA", "pop_max": 778000}, "geometry": {"type": "Point", "coordinates": [-54.618571, -20.448086]}}, {"type": "Feature", "properties": {"name": "S\u00e3o Jos\u00e9 dos Campos", "adm0_a3": "BRA", "pop_max": 753769}, "geometry": {"type": "Point", "coordinates": [-45.879949, -23.199994]}}, {"type": "Feature", "properties": {"name": "Jaboatao", "adm0_a3": "BRA", "pop_max": 702621}, "geometry": {"type": "Point", "coordinates": [-35.020044, -8.11001]}}, {"type": "Feature", "properties": {"name": "Aracaju", "adm0_a3": "BRA", "pop_max": 685356}, "geometry": {"type": "Point", "coordinates": [-37.119967, -10.900021]}}, {"type": "Feature", "properties": {"name": "S\u00e3o Jos\u00e9 dos Pinhais", "adm0_a3": "BRA", "pop_max": 665063}, "geometry": {"type": "Point", "coordinates": [-49.180006, -25.57003]}}, {"type": "Feature", "properties": {"name": "Santo Andr\u00e9", "adm0_a3": "BRA", "pop_max": 662373}, "geometry": {"type": "Point", "coordinates": [-46.527817, -23.652834]}}, {"type": "Feature", "properties": {"name": "Canoas", "adm0_a3": "BRA", "pop_max": 600000}, "geometry": {"type": "Point", "coordinates": [-51.179987, -29.919997]}}, {"type": "Feature", "properties": {"name": "Uberl\u00e2ndia", "adm0_a3": "BRA", "pop_max": 563536}, "geometry": {"type": "Point", "coordinates": [-48.279984, -18.899998]}}, {"type": "Feature", "properties": {"name": "Sorocaba", "adm0_a3": "BRA", "pop_max": 563281}, "geometry": {"type": "Point", "coordinates": [-47.469981, -23.490002]}}, {"type": "Feature", "properties": {"name": "Ribeir\u00e3o Preto", "adm0_a3": "BRA", "pop_max": 551267}, "geometry": {"type": "Point", "coordinates": [-47.829985, -21.17004]}}, {"type": "Feature", "properties": {"name": "Londrina", "adm0_a3": "BRA", "pop_max": 520238}, "geometry": {"type": "Point", "coordinates": [-51.179987, -23.300039]}}, {"type": "Feature", "properties": {"name": "Jundia\u00ed", "adm0_a3": "BRA", "pop_max": 505548}, "geometry": {"type": "Point", "coordinates": [-46.879992, -23.199994]}}, {"type": "Feature", "properties": {"name": "Macap\u00e1", "adm0_a3": "BRA", "pop_max": 499166}, "geometry": {"type": "Point", "coordinates": [-51.050021, 0.033007]}}, {"type": "Feature", "properties": {"name": "Feira de Santana", "adm0_a3": "BRA", "pop_max": 481911}, "geometry": {"type": "Point", "coordinates": [-38.970009, -12.250016]}}, {"type": "Feature", "properties": {"name": "Americana", "adm0_a3": "BRA", "pop_max": 479472}, "geometry": {"type": "Point", "coordinates": [-47.32999, -22.749943]}}, {"type": "Feature", "properties": {"name": "Juiz de Fora", "adm0_a3": "BRA", "pop_max": 470193}, "geometry": {"type": "Point", "coordinates": [-43.374986, -21.770003]}}, {"type": "Feature", "properties": {"name": "Volta Redonda", "adm0_a3": "BRA", "pop_max": 456362}, "geometry": {"type": "Point", "coordinates": [-44.094968, -22.51957]}}, {"type": "Feature", "properties": {"name": "Foz do Igua\u00e7u", "adm0_a3": "BRA", "pop_max": 440455}, "geometry": {"type": "Point", "coordinates": [-54.52999, -25.523469]}}, {"type": "Feature", "properties": {"name": "Campina Grande", "adm0_a3": "BRA", "pop_max": 417261}, "geometry": {"type": "Point", "coordinates": [-35.880017, -7.230012]}}, {"type": "Feature", "properties": {"name": "Ipatinga", "adm0_a3": "BRA", "pop_max": 407894}, "geometry": {"type": "Point", "coordinates": [-42.519999, -19.4796]}}, {"type": "Feature", "properties": {"name": "Taubat\u00e9", "adm0_a3": "BRA", "pop_max": 403560}, "geometry": {"type": "Point", "coordinates": [-45.559995, -23.019539]}}, {"type": "Feature", "properties": {"name": "Campos", "adm0_a3": "BRA", "pop_max": 387417}, "geometry": {"type": "Point", "coordinates": [-41.320021, -21.749953]}}, {"type": "Feature", "properties": {"name": "Caxias do Sul", "adm0_a3": "BRA", "pop_max": 381270}, "geometry": {"type": "Point", "coordinates": [-51.17004, -29.17999]}}, {"type": "Feature", "properties": {"name": "S\u00e3o Jos\u00e9 do Rio Preto", "adm0_a3": "BRA", "pop_max": 374699}, "geometry": {"type": "Point", "coordinates": [-49.389967, -20.799623]}}, {"type": "Feature", "properties": {"name": "Piracicaba", "adm0_a3": "BRA", "pop_max": 342209}, "geometry": {"type": "Point", "coordinates": [-47.641127, -22.729659]}}, {"type": "Feature", "properties": {"name": "Bauru", "adm0_a3": "BRA", "pop_max": 335024}, "geometry": {"type": "Point", "coordinates": [-49.080012, -22.330021]}}, {"type": "Feature", "properties": {"name": "Montes Claros", "adm0_a3": "BRA", "pop_max": 332379}, "geometry": {"type": "Point", "coordinates": [-43.860021, -16.720027]}}, {"type": "Feature", "properties": {"name": "Maring\u00e1", "adm0_a3": "BRA", "pop_max": 328335}, "geometry": {"type": "Point", "coordinates": [-51.929967, -23.409541]}}, {"type": "Feature", "properties": {"name": "Itaja\u00ed", "adm0_a3": "BRA", "pop_max": 327126}, "geometry": {"type": "Point", "coordinates": [-48.680011, -26.899613]}}, {"type": "Feature", "properties": {"name": "Pelotas", "adm0_a3": "BRA", "pop_max": 320674}, "geometry": {"type": "Point", "coordinates": [-52.330021, -31.750014]}}, {"type": "Feature", "properties": {"name": "Itu", "adm0_a3": "BRA", "pop_max": 320170}, "geometry": {"type": "Point", "coordinates": [-47.300018, -23.260041]}}, {"type": "Feature", "properties": {"name": "An\u00e1polis", "adm0_a3": "BRA", "pop_max": 319587}, "geometry": {"type": "Point", "coordinates": [-48.959968, -16.319587]}}, {"type": "Feature", "properties": {"name": "Vit\u00f3ria da Conquista", "adm0_a3": "BRA", "pop_max": 308204}, "geometry": {"type": "Point", "coordinates": [-40.839998, -14.850012]}}, {"type": "Feature", "properties": {"name": "Porto Velho", "adm0_a3": "BRA", "pop_max": 306180}, "geometry": {"type": "Point", "coordinates": [-63.900012, -8.750023]}}, {"type": "Feature", "properties": {"name": "Franca", "adm0_a3": "BRA", "pop_max": 305041}, "geometry": {"type": "Point", "coordinates": [-47.390012, -20.530027]}}, {"type": "Feature", "properties": {"name": "Blumenau", "adm0_a3": "BRA", "pop_max": 293949}, "geometry": {"type": "Point", "coordinates": [-49.089986, -26.920025]}}, {"type": "Feature", "properties": {"name": "Ponta Grossa", "adm0_a3": "BRA", "pop_max": 292177}, "geometry": {"type": "Point", "coordinates": [-50.16005, -25.090007]}}, {"type": "Feature", "properties": {"name": "Limeira", "adm0_a3": "BRA", "pop_max": 289665}, "geometry": {"type": "Point", "coordinates": [-47.401652, -22.565379]}}, {"type": "Feature", "properties": {"name": "Petr\u00f3polis", "adm0_a3": "BRA", "pop_max": 286071}, "geometry": {"type": "Point", "coordinates": [-43.199984, -22.509493]}}, {"type": "Feature", "properties": {"name": "Crato", "adm0_a3": "BRA", "pop_max": 273883}, "geometry": {"type": "Point", "coordinates": [-39.420008, -7.229599]}}, {"type": "Feature", "properties": {"name": "Crato", "adm0_a3": "BRA", "pop_max": 273883}, "geometry": {"type": "Point", "coordinates": [-63.039961, -7.4639]}}, {"type": "Feature", "properties": {"name": "Cabo Frio", "adm0_a3": "BRA", "pop_max": 261721}, "geometry": {"type": "Point", "coordinates": [-42.039977, -22.889987]}}, {"type": "Feature", "properties": {"name": "Petrolina", "adm0_a3": "BRA", "pop_max": 260985}, "geometry": {"type": "Point", "coordinates": [-40.509967, -9.38001]}}, {"type": "Feature", "properties": {"name": "Uberaba", "adm0_a3": "BRA", "pop_max": 260843}, "geometry": {"type": "Point", "coordinates": [-47.950004, -19.779995]}}, {"type": "Feature", "properties": {"name": "Rio Branco", "adm0_a3": "BRA", "pop_max": 257642}, "geometry": {"type": "Point", "coordinates": [-67.800007, -9.966589]}}, {"type": "Feature", "properties": {"name": "Cascavel", "adm0_a3": "BRA", "pop_max": 257172}, "geometry": {"type": "Point", "coordinates": [-53.460029, -24.959576]}}, {"type": "Feature", "properties": {"name": "Governador Valadares", "adm0_a3": "BRA", "pop_max": 250878}, "geometry": {"type": "Point", "coordinates": [-41.970007, -18.870025]}}, {"type": "Feature", "properties": {"name": "V\u00e1rzea Grande", "adm0_a3": "BRA", "pop_max": 249752}, "geometry": {"type": "Point", "coordinates": [-56.140021, -15.650015]}}, {"type": "Feature", "properties": {"name": "Santa Maria", "adm0_a3": "BRA", "pop_max": 249219}, "geometry": {"type": "Point", "coordinates": [-53.800008, -29.683319]}}, {"type": "Feature", "properties": {"name": "Caruaru", "adm0_a3": "BRA", "pop_max": 242094}, "geometry": {"type": "Point", "coordinates": [-35.980011, -8.280026]}}, {"type": "Feature", "properties": {"name": "Palmas", "adm0_a3": "BRA", "pop_max": 235315}, "geometry": {"type": "Point", "coordinates": [-48.287787, -10.237736]}}, {"type": "Feature", "properties": {"name": "Boa Vista", "adm0_a3": "BRA", "pop_max": 235150}, "geometry": {"type": "Point", "coordinates": [-60.665998, 2.816093]}}, {"type": "Feature", "properties": {"name": "Ilh\u00e9us", "adm0_a3": "BRA", "pop_max": 230622}, "geometry": {"type": "Point", "coordinates": [-39.050004, -14.780042]}}, {"type": "Feature", "properties": {"name": "Santar\u00e9m", "adm0_a3": "BRA", "pop_max": 230428}, "geometry": {"type": "Point", "coordinates": [-54.699979, -2.433251]}}, {"type": "Feature", "properties": {"name": "Juazeiro do Norte", "adm0_a3": "BRA", "pop_max": 225230}, "geometry": {"type": "Point", "coordinates": [-39.320014, -7.210013]}}, {"type": "Feature", "properties": {"name": "Itabuna", "adm0_a3": "BRA", "pop_max": 221938}, "geometry": {"type": "Point", "coordinates": [-39.280016, -14.789602]}}, {"type": "Feature", "properties": {"name": "Imperatriz", "adm0_a3": "BRA", "pop_max": 218106}, "geometry": {"type": "Point", "coordinates": [-47.490006, -5.520039]}}, {"type": "Feature", "properties": {"name": "Mar\u00edlia", "adm0_a3": "BRA", "pop_max": 212218}, "geometry": {"type": "Point", "coordinates": [-49.950011, -22.210028]}}, {"type": "Feature", "properties": {"name": "Presidente Prudente", "adm0_a3": "BRA", "pop_max": 209502}, "geometry": {"type": "Point", "coordinates": [-51.39, -22.120008]}}, {"type": "Feature", "properties": {"name": "S\u00e3o Carlos", "adm0_a3": "BRA", "pop_max": 205035}, "geometry": {"type": "Point", "coordinates": [-47.889981, -22.020014]}}, {"type": "Feature", "properties": {"name": "Crici\u00fama", "adm0_a3": "BRA", "pop_max": 204217}, "geometry": {"type": "Point", "coordinates": [-49.389967, -28.680021]}}, {"type": "Feature", "properties": {"name": "Guaratinguet\u00e1", "adm0_a3": "BRA", "pop_max": 203580}, "geometry": {"type": "Point", "coordinates": [-45.189991, -22.819965]}}, {"type": "Feature", "properties": {"name": "Timon", "adm0_a3": "BRA", "pop_max": 203157}, "geometry": {"type": "Point", "coordinates": [-42.844966, -5.114999]}}, {"type": "Feature", "properties": {"name": "Mossor\u00f3", "adm0_a3": "BRA", "pop_max": 202583}, "geometry": {"type": "Point", "coordinates": [-37.340005, -5.190033]}}, {"type": "Feature", "properties": {"name": "Sete Lagoas", "adm0_a3": "BRA", "pop_max": 201334}, "geometry": {"type": "Point", "coordinates": [-44.249997, -19.449628]}}, {"type": "Feature", "properties": {"name": "Divin\u00f3polis", "adm0_a3": "BRA", "pop_max": 193832}, "geometry": {"type": "Point", "coordinates": [-44.899983, -20.149534]}}, {"type": "Feature", "properties": {"name": "Rio Grande", "adm0_a3": "BRA", "pop_max": 187838}, "geometry": {"type": "Point", "coordinates": [-52.120008, -32.049479]}}, {"type": "Feature", "properties": {"name": "Toronto", "adm0_a3": "CAN", "pop_max": 5213000}, "geometry": {"type": "Point", "coordinates": [-79.389459, 43.664645]}}, {"type": "Feature", "properties": {"name": "Montr\u00e9al", "adm0_a3": "CAN", "pop_max": 3678000}, "geometry": {"type": "Point", "coordinates": [-73.585243, 45.501945]}}, {"type": "Feature", "properties": {"name": "Vancouver", "adm0_a3": "CAN", "pop_max": 2313328}, "geometry": {"type": "Point", "coordinates": [-123.12359, 49.275362]}}, {"type": "Feature", "properties": {"name": "Ottawa", "adm0_a3": "CAN", "pop_max": 1145000}, "geometry": {"type": "Point", "coordinates": [-75.701961, 45.418643]}}, {"type": "Feature", "properties": {"name": "Calgary", "adm0_a3": "CAN", "pop_max": 1110000}, "geometry": {"type": "Point", "coordinates": [-114.081944, 51.084938]}}, {"type": "Feature", "properties": {"name": "Edmonton", "adm0_a3": "CAN", "pop_max": 1058000}, "geometry": {"type": "Point", "coordinates": [-113.501928, 53.551971]}}, {"type": "Feature", "properties": {"name": "Hamilton", "adm0_a3": "CAN", "pop_max": 721053}, "geometry": {"type": "Point", "coordinates": [-79.829996, 43.249981]}}, {"type": "Feature", "properties": {"name": "Winnipeg", "adm0_a3": "CAN", "pop_max": 632063}, "geometry": {"type": "Point", "coordinates": [-97.165992, 49.882987]}}, {"type": "Feature", "properties": {"name": "Qu\u00e9bec", "adm0_a3": "CAN", "pop_max": 624177}, "geometry": {"type": "Point", "coordinates": [-71.24561, 46.839969]}}, {"type": "Feature", "properties": {"name": "Oshawa", "adm0_a3": "CAN", "pop_max": 450963}, "geometry": {"type": "Point", "coordinates": [-78.849978, 43.879995]}}, {"type": "Feature", "properties": {"name": "Kitchener", "adm0_a3": "CAN", "pop_max": 417001}, "geometry": {"type": "Point", "coordinates": [-80.500007, 43.449995]}}, {"type": "Feature", "properties": {"name": "Halifax", "adm0_a3": "CAN", "pop_max": 359111}, "geometry": {"type": "Point", "coordinates": [-63.600004, 44.650025]}}, {"type": "Feature", "properties": {"name": "London", "adm0_a3": "CAN", "pop_max": 346765}, "geometry": {"type": "Point", "coordinates": [-81.249987, 42.969999]}}, {"type": "Feature", "properties": {"name": "Windsor", "adm0_a3": "CAN", "pop_max": 319246}, "geometry": {"type": "Point", "coordinates": [-83.036852, 42.315457]}}, {"type": "Feature", "properties": {"name": "Victoria", "adm0_a3": "CAN", "pop_max": 289625}, "geometry": {"type": "Point", "coordinates": [-123.350001, 48.433283]}}, {"type": "Feature", "properties": {"name": "Saskatoon", "adm0_a3": "CAN", "pop_max": 198958}, "geometry": {"type": "Point", "coordinates": [-106.669985, 52.170031]}}, {"type": "Feature", "properties": {"name": "Barrie", "adm0_a3": "CAN", "pop_max": 182041}, "geometry": {"type": "Point", "coordinates": [-79.700004, 44.383762]}}, {"type": "Feature", "properties": {"name": "Regina", "adm0_a3": "CAN", "pop_max": 176183}, "geometry": {"type": "Point", "coordinates": [-104.61701, 50.450033]}}, {"type": "Feature", "properties": {"name": "Sudbury", "adm0_a3": "CAN", "pop_max": 157857}, "geometry": {"type": "Point", "coordinates": [-80.966645, 46.49999]}}, {"type": "Feature", "properties": {"name": "Abbotsford", "adm0_a3": "CAN", "pop_max": 151683}, "geometry": {"type": "Point", "coordinates": [-122.299987, 49.050377]}}, {"type": "Feature", "properties": {"name": "Sarnia", "adm0_a3": "CAN", "pop_max": 144172}, "geometry": {"type": "Point", "coordinates": [-82.399968, 42.96664]}}, {"type": "Feature", "properties": {"name": "Sherbrooke", "adm0_a3": "CAN", "pop_max": 139652}, "geometry": {"type": "Point", "coordinates": [-71.899989, 45.400005]}}, {"type": "Feature", "properties": {"name": "St. John's", "adm0_a3": "CAN", "pop_max": 131469}, "geometry": {"type": "Point", "coordinates": [-52.681007, 47.584988]}}, {"type": "Feature", "properties": {"name": "Kelowna", "adm0_a3": "CAN", "pop_max": 125109}, "geometry": {"type": "Point", "coordinates": [-119.483312, 49.899989]}}, {"type": "Feature", "properties": {"name": "Trois-Rivi\u00e8res", "adm0_a3": "CAN", "pop_max": 119693}, "geometry": {"type": "Point", "coordinates": [-72.549949, 46.349973]}}, {"type": "Feature", "properties": {"name": "Kingston", "adm0_a3": "CAN", "pop_max": 114195}, "geometry": {"type": "Point", "coordinates": [-76.483301, 44.23372]}}, {"type": "Feature", "properties": {"name": "Thunder Bay", "adm0_a3": "CAN", "pop_max": 99334}, "geometry": {"type": "Point", "coordinates": [-89.274975, 48.44615]}}, {"type": "Feature", "properties": {"name": "Moncton", "adm0_a3": "CAN", "pop_max": 90635}, "geometry": {"type": "Point", "coordinates": [-64.766678, 46.083349]}}, {"type": "Feature", "properties": {"name": "Saint John", "adm0_a3": "CAN", "pop_max": 87857}, "geometry": {"type": "Point", "coordinates": [-66.076675, 45.267042]}}, {"type": "Feature", "properties": {"name": "Nanaimo", "adm0_a3": "CAN", "pop_max": 84905}, "geometry": {"type": "Point", "coordinates": [-123.934291, 49.14602]}}, {"type": "Feature", "properties": {"name": "Peterborough", "adm0_a3": "CAN", "pop_max": 83627}, "geometry": {"type": "Point", "coordinates": [-78.333265, 44.299969]}}, {"type": "Feature", "properties": {"name": "St.-Jerome", "adm0_a3": "CAN", "pop_max": 78439}, "geometry": {"type": "Point", "coordinates": [-73.99999, 45.76665]}}, {"type": "Feature", "properties": {"name": "Red Deer", "adm0_a3": "CAN", "pop_max": 74857}, "geometry": {"type": "Point", "coordinates": [-113.800041, 52.26664]}}, {"type": "Feature", "properties": {"name": "Lethbridge", "adm0_a3": "CAN", "pop_max": 70617}, "geometry": {"type": "Point", "coordinates": [-112.833278, 49.700492]}}, {"type": "Feature", "properties": {"name": "Kamloops", "adm0_a3": "CAN", "pop_max": 68714}, "geometry": {"type": "Point", "coordinates": [-120.333286, 50.666661]}}, {"type": "Feature", "properties": {"name": "Prince George", "adm0_a3": "CAN", "pop_max": 65558}, "geometry": {"type": "Point", "coordinates": [-122.766651, 53.916669]}}, {"type": "Feature", "properties": {"name": "Medicine Hat", "adm0_a3": "CAN", "pop_max": 63138}, "geometry": {"type": "Point", "coordinates": [-110.683332, 50.033314]}}, {"type": "Feature", "properties": {"name": "Drummondville", "adm0_a3": "CAN", "pop_max": 59489}, "geometry": {"type": "Point", "coordinates": [-72.483364, 45.883335]}}, {"type": "Feature", "properties": {"name": "Chicoutimi", "adm0_a3": "CAN", "pop_max": 53940}, "geometry": {"type": "Point", "coordinates": [-71.066706, 48.433309]}}, {"type": "Feature", "properties": {"name": "Fredericton", "adm0_a3": "CAN", "pop_max": 52337}, "geometry": {"type": "Point", "coordinates": [-66.633308, 45.949998]}}, {"type": "Feature", "properties": {"name": "Chilliwack", "adm0_a3": "CAN", "pop_max": 51942}, "geometry": {"type": "Point", "coordinates": [-121.949983, 49.166649]}}, {"type": "Feature", "properties": {"name": "North Bay", "adm0_a3": "CAN", "pop_max": 50170}, "geometry": {"type": "Point", "coordinates": [-79.449993, 46.300002]}}, {"type": "Feature", "properties": {"name": "Shawinigan", "adm0_a3": "CAN", "pop_max": 49161}, "geometry": {"type": "Point", "coordinates": [-72.733323, 46.550374]}}, {"type": "Feature", "properties": {"name": "Cornwall", "adm0_a3": "CAN", "pop_max": 48821}, "geometry": {"type": "Point", "coordinates": [-74.73333, 45.017057]}}, {"type": "Feature", "properties": {"name": "Joliette", "adm0_a3": "CAN", "pop_max": 45361}, "geometry": {"type": "Point", "coordinates": [-73.433306, 46.033326]}}, {"type": "Feature", "properties": {"name": "Belleville", "adm0_a3": "CAN", "pop_max": 43990}, "geometry": {"type": "Point", "coordinates": [-77.383349, 44.16667]}}, {"type": "Feature", "properties": {"name": "Charlottetown", "adm0_a3": "CAN", "pop_max": 42402}, "geometry": {"type": "Point", "coordinates": [-63.131325, 46.249282]}}, {"type": "Feature", "properties": {"name": "Victoriaville", "adm0_a3": "CAN", "pop_max": 41500}, "geometry": {"type": "Point", "coordinates": [-71.966677, 46.050405]}}, {"type": "Feature", "properties": {"name": "Grand Prairie", "adm0_a3": "CAN", "pop_max": 41462}, "geometry": {"type": "Point", "coordinates": [-118.799994, 55.166644]}}, {"type": "Feature", "properties": {"name": "Penticton", "adm0_a3": "CAN", "pop_max": 37721}, "geometry": {"type": "Point", "coordinates": [-119.58328, 49.500375]}}, {"type": "Feature", "properties": {"name": "Sydney", "adm0_a3": "CAN", "pop_max": 37538}, "geometry": {"type": "Point", "coordinates": [-60.179981, 46.066114]}}, {"type": "Feature", "properties": {"name": "Orillia", "adm0_a3": "CAN", "pop_max": 37483}, "geometry": {"type": "Point", "coordinates": [-79.416662, 44.599977]}}, {"type": "Feature", "properties": {"name": "Rimouski", "adm0_a3": "CAN", "pop_max": 35584}, "geometry": {"type": "Point", "coordinates": [-68.516681, 48.433748]}}, {"type": "Feature", "properties": {"name": "Timmins", "adm0_a3": "CAN", "pop_max": 34974}, "geometry": {"type": "Point", "coordinates": [-81.333315, 48.466588]}}, {"type": "Feature", "properties": {"name": "Prince Albert", "adm0_a3": "CAN", "pop_max": 34609}, "geometry": {"type": "Point", "coordinates": [-105.74999, 53.20002]}}, {"type": "Feature", "properties": {"name": "Campbell River", "adm0_a3": "CAN", "pop_max": 33430}, "geometry": {"type": "Point", "coordinates": [-125.249988, 50.017088]}}, {"type": "Feature", "properties": {"name": "Courtenay", "adm0_a3": "CAN", "pop_max": 32793}, "geometry": {"type": "Point", "coordinates": [-124.999978, 49.683336]}}, {"type": "Feature", "properties": {"name": "Orangeville", "adm0_a3": "CAN", "pop_max": 32640}, "geometry": {"type": "Point", "coordinates": [-80.083339, 43.917073]}}, {"type": "Feature", "properties": {"name": "Moose Jaw", "adm0_a3": "CAN", "pop_max": 32166}, "geometry": {"type": "Point", "coordinates": [-105.550002, 50.399984]}}, {"type": "Feature", "properties": {"name": "Brandon", "adm0_a3": "CAN", "pop_max": 28418}, "geometry": {"type": "Point", "coordinates": [-99.949982, 49.833275]}}, {"type": "Feature", "properties": {"name": "Brockville", "adm0_a3": "CAN", "pop_max": 26458}, "geometry": {"type": "Point", "coordinates": [-75.695313, 44.58928]}}, {"type": "Feature", "properties": {"name": "Saint-Georges", "adm0_a3": "CAN", "pop_max": 26149}, "geometry": {"type": "Point", "coordinates": [-70.666653, 46.117145]}}, {"type": "Feature", "properties": {"name": "Sept-\u00celes", "adm0_a3": "CAN", "pop_max": 25686}, "geometry": {"type": "Point", "coordinates": [-66.360017, 50.316088]}}, {"type": "Feature", "properties": {"name": "Buenos Aires", "adm0_a3": "ARG", "pop_max": 12795000}, "geometry": {"type": "Point", "coordinates": [-58.432513, -34.610715]}}, {"type": "Feature", "properties": {"name": "C\u00f3rdoba", "adm0_a3": "ARG", "pop_max": 1452000}, "geometry": {"type": "Point", "coordinates": [-64.18424, -31.398012]}}, {"type": "Feature", "properties": {"name": "Rosario", "adm0_a3": "ARG", "pop_max": 1203000}, "geometry": {"type": "Point", "coordinates": [-60.668253, -32.949184]}}, {"type": "Feature", "properties": {"name": "Mendoza", "adm0_a3": "ARG", "pop_max": 893000}, "geometry": {"type": "Point", "coordinates": [-68.818557, -32.881384]}}, {"type": "Feature", "properties": {"name": "Tucum\u00e1n", "adm0_a3": "ARG", "pop_max": 830000}, "geometry": {"type": "Point", "coordinates": [-65.21857, -26.814054]}}, {"type": "Feature", "properties": {"name": "La Plata", "adm0_a3": "ARG", "pop_max": 694253}, "geometry": {"type": "Point", "coordinates": [-57.954436, -34.923321]}}, {"type": "Feature", "properties": {"name": "Mar del Plata", "adm0_a3": "ARG", "pop_max": 555897}, "geometry": {"type": "Point", "coordinates": [-57.579984, -38.00002]}}, {"type": "Feature", "properties": {"name": "Salta", "adm0_a3": "ARG", "pop_max": 512686}, "geometry": {"type": "Point", "coordinates": [-65.416638, -24.783359]}}, {"type": "Feature", "properties": {"name": "Santa Fe", "adm0_a3": "ARG", "pop_max": 489505}, "geometry": {"type": "Point", "coordinates": [-60.690001, -31.623872]}}, {"type": "Feature", "properties": {"name": "San Juan", "adm0_a3": "ARG", "pop_max": 447048}, "geometry": {"type": "Point", "coordinates": [-68.519988, -31.550026]}}, {"type": "Feature", "properties": {"name": "San Luis", "adm0_a3": "ARG", "pop_max": 432310}, "geometry": {"type": "Point", "coordinates": [-66.350018, -33.299997]}}, {"type": "Feature", "properties": {"name": "Resistencia", "adm0_a3": "ARG", "pop_max": 387158}, "geometry": {"type": "Point", "coordinates": [-58.990027, -27.459992]}}, {"type": "Feature", "properties": {"name": "Posadas", "adm0_a3": "ARG", "pop_max": 357119}, "geometry": {"type": "Point", "coordinates": [-55.885107, -27.357832]}}, {"type": "Feature", "properties": {"name": "Santiago del Estero", "adm0_a3": "ARG", "pop_max": 354692}, "geometry": {"type": "Point", "coordinates": [-64.266656, -27.783331]}}, {"type": "Feature", "properties": {"name": "Corrientes", "adm0_a3": "ARG", "pop_max": 340823}, "geometry": {"type": "Point", "coordinates": [-58.809987, -27.489964]}}, {"type": "Feature", "properties": {"name": "San Salvador de Jujuy", "adm0_a3": "ARG", "pop_max": 305891}, "geometry": {"type": "Point", "coordinates": [-65.30003, -24.183344]}}, {"type": "Feature", "properties": {"name": "Bah\u00eda Blanca", "adm0_a3": "ARG", "pop_max": 281536}, "geometry": {"type": "Point", "coordinates": [-62.265021, -38.740027]}}, {"type": "Feature", "properties": {"name": "Paran\u00e1", "adm0_a3": "ARG", "pop_max": 262295}, "geometry": {"type": "Point", "coordinates": [-60.533344, -31.733323]}}, {"type": "Feature", "properties": {"name": "Neuqu\u00e9n", "adm0_a3": "ARG", "pop_max": 242092}, "geometry": {"type": "Point", "coordinates": [-68.059991, -38.95004]}}, {"type": "Feature", "properties": {"name": "Formosa", "adm0_a3": "ARG", "pop_max": 221383}, "geometry": {"type": "Point", "coordinates": [-58.182816, -26.172835]}}, {"type": "Feature", "properties": {"name": "Catamarca", "adm0_a3": "ARG", "pop_max": 188812}, "geometry": {"type": "Point", "coordinates": [-65.780001, -28.470008]}}, {"type": "Feature", "properties": {"name": "La Rioja", "adm0_a3": "ARG", "pop_max": 162620}, "geometry": {"type": "Point", "coordinates": [-66.849961, -29.40995]}}, {"type": "Feature", "properties": {"name": "R\u00edo Cuarto", "adm0_a3": "ARG", "pop_max": 153757}, "geometry": {"type": "Point", "coordinates": [-64.349985, -33.130033]}}, {"type": "Feature", "properties": {"name": "Concordia", "adm0_a3": "ARG", "pop_max": 145210}, "geometry": {"type": "Point", "coordinates": [-58.029983, -31.389571]}}, {"type": "Feature", "properties": {"name": "Comodoro Rivadavia", "adm0_a3": "ARG", "pop_max": 140850}, "geometry": {"type": "Point", "coordinates": [-67.499999, -45.870031]}}, {"type": "Feature", "properties": {"name": "San Nicolas", "adm0_a3": "ARG", "pop_max": 127742}, "geometry": {"type": "Point", "coordinates": [-60.240003, -33.330021]}}, {"type": "Feature", "properties": {"name": "San Mart\u00edn", "adm0_a3": "ARG", "pop_max": 117399}, "geometry": {"type": "Point", "coordinates": [-68.490016, -33.069985]}}, {"type": "Feature", "properties": {"name": "Santa Rosa", "adm0_a3": "ARG", "pop_max": 111424}, "geometry": {"type": "Point", "coordinates": [-64.299988, -36.620001]}}, {"type": "Feature", "properties": {"name": "San Rafael", "adm0_a3": "ARG", "pop_max": 109163}, "geometry": {"type": "Point", "coordinates": [-68.333333, -34.600021]}}, {"type": "Feature", "properties": {"name": "Tandil", "adm0_a3": "ARG", "pop_max": 104325}, "geometry": {"type": "Point", "coordinates": [-59.150044, -37.32001]}}, {"type": "Feature", "properties": {"name": "Bariloche", "adm0_a3": "ARG", "pop_max": 95394}, "geometry": {"type": "Point", "coordinates": [-71.3, -41.149957]}}, {"type": "Feature", "properties": {"name": "Trelew", "adm0_a3": "ARG", "pop_max": 93442}, "geometry": {"type": "Point", "coordinates": [-65.329951, -43.250036]}}, {"type": "Feature", "properties": {"name": "Villa Mar\u00eda", "adm0_a3": "ARG", "pop_max": 92453}, "geometry": {"type": "Point", "coordinates": [-63.260025, -32.410026]}}, {"type": "Feature", "properties": {"name": "Reconquista", "adm0_a3": "ARG", "pop_max": 90184}, "geometry": {"type": "Point", "coordinates": [-59.650013, -29.139528]}}, {"type": "Feature", "properties": {"name": "Z\u00e1rate", "adm0_a3": "ARG", "pop_max": 88781}, "geometry": {"type": "Point", "coordinates": [-59.040025, -34.089561]}}, {"type": "Feature", "properties": {"name": "Rafaela", "adm0_a3": "ARG", "pop_max": 88713}, "geometry": {"type": "Point", "coordinates": [-61.499978, -31.250045]}}, {"type": "Feature", "properties": {"name": "Pergamino", "adm0_a3": "ARG", "pop_max": 87652}, "geometry": {"type": "Point", "coordinates": [-60.569983, -33.899599]}}, {"type": "Feature", "properties": {"name": "Olavarr\u00eda", "adm0_a3": "ARG", "pop_max": 86320}, "geometry": {"type": "Point", "coordinates": [-60.329997, -36.900036]}}, {"type": "Feature", "properties": {"name": "R\u00edo Gallegos", "adm0_a3": "ARG", "pop_max": 85700}, "geometry": {"type": "Point", "coordinates": [-69.216587, -51.633297]}}, {"type": "Feature", "properties": {"name": "Santa Cruz", "adm0_a3": "BOL", "pop_max": 2102998}, "geometry": {"type": "Point", "coordinates": [-63.227942, -17.751972]}}, {"type": "Feature", "properties": {"name": "La Paz", "adm0_a3": "BOL", "pop_max": 1590000}, "geometry": {"type": "Point", "coordinates": [-68.151931, -16.496028]}}, {"type": "Feature", "properties": {"name": "Cochabamba", "adm0_a3": "BOL", "pop_max": 1000000}, "geometry": {"type": "Point", "coordinates": [-66.169977, -17.410011]}}, {"type": "Feature", "properties": {"name": "Oruro", "adm0_a3": "BOL", "pop_max": 246501}, "geometry": {"type": "Point", "coordinates": [-67.129996, -17.97995]}}, {"type": "Feature", "properties": {"name": "Santa Ana", "adm0_a3": "BOL", "pop_max": 234478}, "geometry": {"type": "Point", "coordinates": [-65.579961, -13.760001]}}, {"type": "Feature", "properties": {"name": "Quillacollo", "adm0_a3": "BOL", "pop_max": 227052}, "geometry": {"type": "Point", "coordinates": [-66.279996, -17.399986]}}, {"type": "Feature", "properties": {"name": "Sucre", "adm0_a3": "BOL", "pop_max": 224838}, "geometry": {"type": "Point", "coordinates": [-65.259516, -19.040971]}}, {"type": "Feature", "properties": {"name": "Potos\u00ed", "adm0_a3": "BOL", "pop_max": 179901}, "geometry": {"type": "Point", "coordinates": [-65.750028, -19.569569]}}, {"type": "Feature", "properties": {"name": "Tarija", "adm0_a3": "BOL", "pop_max": 159269}, "geometry": {"type": "Point", "coordinates": [-64.749986, -21.516685]}}, {"type": "Feature", "properties": {"name": "Montero", "adm0_a3": "BOL", "pop_max": 88616}, "geometry": {"type": "Point", "coordinates": [-63.260025, -17.349601]}}, {"type": "Feature", "properties": {"name": "Trinidad", "adm0_a3": "BOL", "pop_max": 84259}, "geometry": {"type": "Point", "coordinates": [-64.899977, -14.833372]}}, {"type": "Feature", "properties": {"name": "Riberalta", "adm0_a3": "BOL", "pop_max": 74014}, "geometry": {"type": "Point", "coordinates": [-66.100007, -10.983013]}}, {"type": "Feature", "properties": {"name": "Cobija", "adm0_a3": "BOL", "pop_max": 44437}, "geometry": {"type": "Point", "coordinates": [-68.768827, -11.02052]}}, {"type": "Feature", "properties": {"name": "Villaz\u00f3n", "adm0_a3": "BOL", "pop_max": 37215}, "geometry": {"type": "Point", "coordinates": [-65.599986, -22.079597]}}, {"type": "Feature", "properties": {"name": "Bermejo", "adm0_a3": "BOL", "pop_max": 36544}, "geometry": {"type": "Point", "coordinates": [-64.349985, -22.729583]}}, {"type": "Feature", "properties": {"name": "Guayaramer\u00edn", "adm0_a3": "BOL", "pop_max": 36008}, "geometry": {"type": "Point", "coordinates": [-65.409997, -10.829999]}}, {"type": "Feature", "properties": {"name": "Viacha", "adm0_a3": "BOL", "pop_max": 34776}, "geometry": {"type": "Point", "coordinates": [-68.29995, -16.650006]}}, {"type": "Feature", "properties": {"name": "Dhaka", "adm0_a3": "BGD", "pop_max": 12797394}, "geometry": {"type": "Point", "coordinates": [90.406634, 23.725006]}}, {"type": "Feature", "properties": {"name": "Chattogram", "adm0_a3": "BGD", "pop_max": 4529000}, "geometry": {"type": "Point", "coordinates": [91.798022, 22.331938]}}, {"type": "Feature", "properties": {"name": "Khulna", "adm0_a3": "BGD", "pop_max": 1553000}, "geometry": {"type": "Point", "coordinates": [89.558055, 22.841933]}}, {"type": "Feature", "properties": {"name": "Rajshahi", "adm0_a3": "BGD", "pop_max": 810000}, "geometry": {"type": "Point", "coordinates": [88.603074, 24.37693]}}, {"type": "Feature", "properties": {"name": "Minsk", "adm0_a3": "BLR", "pop_max": 1805000}, "geometry": {"type": "Point", "coordinates": [27.564681, 53.901923]}}, {"type": "Feature", "properties": {"name": "Homyel", "adm0_a3": "BLR", "pop_max": 480951}, "geometry": {"type": "Point", "coordinates": [31.000009, 52.430016]}}, {"type": "Feature", "properties": {"name": "Mahilyow", "adm0_a3": "BLR", "pop_max": 369200}, "geometry": {"type": "Point", "coordinates": [30.32465, 53.898505]}}, {"type": "Feature", "properties": {"name": "Sydney", "adm0_a3": "AUS", "pop_max": 4630000}, "geometry": {"type": "Point", "coordinates": [151.212548, -33.871373]}}, {"type": "Feature", "properties": {"name": "Melbourne", "adm0_a3": "AUS", "pop_max": 4170000}, "geometry": {"type": "Point", "coordinates": [144.97307, -37.818086]}}, {"type": "Feature", "properties": {"name": "Brisbane", "adm0_a3": "AUS", "pop_max": 1860000}, "geometry": {"type": "Point", "coordinates": [153.033147, -27.453085]}}, {"type": "Feature", "properties": {"name": "Perth", "adm0_a3": "AUS", "pop_max": 1532000}, "geometry": {"type": "Point", "coordinates": [115.838053, -31.953069]}}, {"type": "Feature", "properties": {"name": "Adelaide", "adm0_a3": "AUS", "pop_max": 1145000}, "geometry": {"type": "Point", "coordinates": [138.598059, -34.933042]}}, {"type": "Feature", "properties": {"name": "Newcastle", "adm0_a3": "AUS", "pop_max": 540796}, "geometry": {"type": "Point", "coordinates": [151.770249, -32.929508]}}, {"type": "Feature", "properties": {"name": "Gold Coast", "adm0_a3": "AUS", "pop_max": 527660}, "geometry": {"type": "Point", "coordinates": [153.448246, -28.081504]}}, {"type": "Feature", "properties": {"name": "Cranbourne", "adm0_a3": "AUS", "pop_max": 460491}, "geometry": {"type": "Point", "coordinates": [145.283369, -38.099601]}}, {"type": "Feature", "properties": {"name": "Canberra", "adm0_a3": "AUS", "pop_max": 327700}, "geometry": {"type": "Point", "coordinates": [149.129026, -35.283029]}}, {"type": "Feature", "properties": {"name": "Wollongong", "adm0_a3": "AUS", "pop_max": 260914}, "geometry": {"type": "Point", "coordinates": [150.890004, -34.415381]}}, {"type": "Feature", "properties": {"name": "Geelong", "adm0_a3": "AUS", "pop_max": 160991}, "geometry": {"type": "Point", "coordinates": [144.395634, -38.167495]}}, {"type": "Feature", "properties": {"name": "Cairns", "adm0_a3": "AUS", "pop_max": 154225}, "geometry": {"type": "Point", "coordinates": [145.763331, -16.88784]}}, {"type": "Feature", "properties": {"name": "Townsville", "adm0_a3": "AUS", "pop_max": 138954}, "geometry": {"type": "Point", "coordinates": [146.769997, -19.24995]}}, {"type": "Feature", "properties": {"name": "Albury", "adm0_a3": "AUS", "pop_max": 104258}, "geometry": {"type": "Point", "coordinates": [146.920014, -36.060035]}}, {"type": "Feature", "properties": {"name": "Nowra", "adm0_a3": "AUS", "pop_max": 94781}, "geometry": {"type": "Point", "coordinates": [150.600048, -34.882846]}}, {"type": "Feature", "properties": {"name": "Darwin", "adm0_a3": "AUS", "pop_max": 93080}, "geometry": {"type": "Point", "coordinates": [130.850039, -12.425354]}}, {"type": "Feature", "properties": {"name": "Toowoomba", "adm0_a3": "AUS", "pop_max": 92800}, "geometry": {"type": "Point", "coordinates": [151.95552, -27.564533]}}, {"type": "Feature", "properties": {"name": "Ballarat", "adm0_a3": "AUS", "pop_max": 85109}, "geometry": {"type": "Point", "coordinates": [143.840047, -37.559582]}}, {"type": "Feature", "properties": {"name": "Bendigo", "adm0_a3": "AUS", "pop_max": 81657}, "geometry": {"type": "Point", "coordinates": [144.28002, -36.759993]}}, {"type": "Feature", "properties": {"name": "Hobart", "adm0_a3": "AUS", "pop_max": 80870}, "geometry": {"type": "Point", "coordinates": [147.29503, -42.850009]}}, {"type": "Feature", "properties": {"name": "Mackay", "adm0_a3": "AUS", "pop_max": 75922}, "geometry": {"type": "Point", "coordinates": [149.150007, -21.143892]}}, {"type": "Feature", "properties": {"name": "Mandurah", "adm0_a3": "AUS", "pop_max": 73356}, "geometry": {"type": "Point", "coordinates": [115.747057, -32.523483]}}, {"type": "Feature", "properties": {"name": "Launceston", "adm0_a3": "AUS", "pop_max": 72458}, "geometry": {"type": "Point", "coordinates": [147.130182, -41.449836]}}, {"type": "Feature", "properties": {"name": "Sunshine Coast", "adm0_a3": "AUS", "pop_max": 71043}, "geometry": {"type": "Point", "coordinates": [153.050027, -26.679988]}}, {"type": "Feature", "properties": {"name": "Rockhampton", "adm0_a3": "AUS", "pop_max": 65850}, "geometry": {"type": "Point", "coordinates": [150.520001, -23.363911]}}, {"type": "Feature", "properties": {"name": "Coffs Harbour", "adm0_a3": "AUS", "pop_max": 62978}, "geometry": {"type": "Point", "coordinates": [153.112297, -30.307053]}}, {"type": "Feature", "properties": {"name": "Wagga Wagga", "adm0_a3": "AUS", "pop_max": 55381}, "geometry": {"type": "Point", "coordinates": [147.339988, -35.12216]}}, {"type": "Feature", "properties": {"name": "Bundaberg", "adm0_a3": "AUS", "pop_max": 52472}, "geometry": {"type": "Point", "coordinates": [152.350897, -24.879064]}}, {"type": "Feature", "properties": {"name": "Port Macquarie", "adm0_a3": "AUS", "pop_max": 48547}, "geometry": {"type": "Point", "coordinates": [152.918666, -31.44502]}}, {"type": "Feature", "properties": {"name": "Mildura", "adm0_a3": "AUS", "pop_max": 47867}, "geometry": {"type": "Point", "coordinates": [142.151364, -34.185008]}}, {"type": "Feature", "properties": {"name": "Taree", "adm0_a3": "AUS", "pop_max": 44182}, "geometry": {"type": "Point", "coordinates": [152.461846, -31.897602]}}, {"type": "Feature", "properties": {"name": "Orange", "adm0_a3": "AUS", "pop_max": 39329}, "geometry": {"type": "Point", "coordinates": [149.099984, -33.279998]}}, {"type": "Feature", "properties": {"name": "Caloundra", "adm0_a3": "AUS", "pop_max": 38706}, "geometry": {"type": "Point", "coordinates": [153.13333, -26.800032]}}, {"type": "Feature", "properties": {"name": "Tamworth", "adm0_a3": "AUS", "pop_max": 38551}, "geometry": {"type": "Point", "coordinates": [150.917134, -31.102612]}}, {"type": "Feature", "properties": {"name": "Kalgoorlie", "adm0_a3": "AUS", "pop_max": 36852}, "geometry": {"type": "Point", "coordinates": [121.460018, -30.735399]}}, {"type": "Feature", "properties": {"name": "Shepparton", "adm0_a3": "AUS", "pop_max": 33550}, "geometry": {"type": "Point", "coordinates": [145.391373, -36.37459]}}, {"type": "Feature", "properties": {"name": "Mount Isa", "adm0_a3": "AUS", "pop_max": 33200}, "geometry": {"type": "Point", "coordinates": [139.490028, -20.723865]}}, {"type": "Feature", "properties": {"name": "Tweed Heads", "adm0_a3": "AUS", "pop_max": 33065}, "geometry": {"type": "Point", "coordinates": [153.546638, -28.182583]}}, {"type": "Feature", "properties": {"name": "Queanbeyan", "adm0_a3": "AUS", "pop_max": 32602}, "geometry": {"type": "Point", "coordinates": [149.211347, -35.3546]}}, {"type": "Feature", "properties": {"name": "Melton", "adm0_a3": "AUS", "pop_max": 32368}, "geometry": {"type": "Point", "coordinates": [144.570028, -37.689548]}}, {"type": "Feature", "properties": {"name": "Dubbo", "adm0_a3": "AUS", "pop_max": 31574}, "geometry": {"type": "Point", "coordinates": [148.597327, -32.259957]}}, {"type": "Feature", "properties": {"name": "Caboolture", "adm0_a3": "AUS", "pop_max": 31513}, "geometry": {"type": "Point", "coordinates": [152.949982, -27.082961]}}, {"type": "Feature", "properties": {"name": "Lismore", "adm0_a3": "AUS", "pop_max": 31430}, "geometry": {"type": "Point", "coordinates": [153.293113, -28.816653]}}, {"type": "Feature", "properties": {"name": "Gladstone", "adm0_a3": "AUS", "pop_max": 30489}, "geometry": {"type": "Point", "coordinates": [151.246726, -23.853339]}}, {"type": "Feature", "properties": {"name": "Warrnambool", "adm0_a3": "AUS", "pop_max": 29928}, "geometry": {"type": "Point", "coordinates": [142.470001, -38.379997]}}, {"type": "Feature", "properties": {"name": "Sunbury", "adm0_a3": "AUS", "pop_max": 29925}, "geometry": {"type": "Point", "coordinates": [144.710019, -37.569607]}}, {"type": "Feature", "properties": {"name": "Alice Springs", "adm0_a3": "AUS", "pop_max": 27710}, "geometry": {"type": "Point", "coordinates": [133.880034, -23.700996]}}, {"type": "Feature", "properties": {"name": "Geraldton", "adm0_a3": "AUS", "pop_max": 27258}, "geometry": {"type": "Point", "coordinates": [114.599971, -28.76663]}}, {"type": "Feature", "properties": {"name": "Bunbury", "adm0_a3": "AUS", "pop_max": 26998}, "geometry": {"type": "Point", "coordinates": [115.650243, -33.344284]}}, {"type": "Feature", "properties": {"name": "Albany", "adm0_a3": "AUS", "pop_max": 26445}, "geometry": {"type": "Point", "coordinates": [117.891605, -35.016947]}}, {"type": "Feature", "properties": {"name": "Hervey Bay", "adm0_a3": "AUS", "pop_max": 25114}, "geometry": {"type": "Point", "coordinates": [152.840944, -25.288703]}}, {"type": "Feature", "properties": {"name": "Mount Gambier", "adm0_a3": "AUS", "pop_max": 23209}, "geometry": {"type": "Point", "coordinates": [140.765041, -37.831348]}}, {"type": "Feature", "properties": {"name": "Armidale", "adm0_a3": "AUS", "pop_max": 22673}, "geometry": {"type": "Point", "coordinates": [151.667476, -30.512312]}}, {"type": "Feature", "properties": {"name": "Whyalla", "adm0_a3": "AUS", "pop_max": 22559}, "geometry": {"type": "Point", "coordinates": [137.561412, -33.025027]}}, {"type": "Feature", "properties": {"name": "Sale", "adm0_a3": "AUS", "pop_max": 22486}, "geometry": {"type": "Point", "coordinates": [147.060005, -38.109574]}}, {"type": "Feature", "properties": {"name": "Katoomba", "adm0_a3": "AUS", "pop_max": 22076}, "geometry": {"type": "Point", "coordinates": [150.320013, -33.706949]}}, {"type": "Feature", "properties": {"name": "Sarajevo", "adm0_a3": "BIH", "pop_max": 696731}, "geometry": {"type": "Point", "coordinates": [18.383002, 43.850022]}}, {"type": "Feature", "properties": {"name": "McMurdo Station", "adm0_a3": "ATA", "pop_max": 1000}, "geometry": {"type": "Point", "coordinates": [166.869416, -77.732282]}}, {"type": "Feature", "properties": {"name": "Esperanza Base", "adm0_a3": "ATA", "pop_max": 250}, "geometry": {"type": "Point", "coordinates": [-57.025902, -63.375329]}}, {"type": "Feature", "properties": {"name": "Casey Station", "adm0_a3": "ATA", "pop_max": 200}, "geometry": {"type": "Point", "coordinates": [110.536214, -66.286086]}}, {"type": "Feature", "properties": {"name": "Amundsen\u2013Scott South Pole Station", "adm0_a3": "ATA", "pop_max": 200}, "geometry": {"type": "Point", "coordinates": [176.994452, -90]}}, {"type": "Feature", "properties": {"name": "Mirny Station", "adm0_a3": "ATA", "pop_max": 169}, "geometry": {"type": "Point", "coordinates": [93.006288, -66.57553]}}, {"type": "Feature", "properties": {"name": "Marambio Base", "adm0_a3": "ATA", "pop_max": 150}, "geometry": {"type": "Point", "coordinates": [-56.650015, -64.232889]}}, {"type": "Feature", "properties": {"name": "Base Presidente Montalva", "adm0_a3": "ATA", "pop_max": 150}, "geometry": {"type": "Point", "coordinates": [-58.907652, -62.182744]}}, {"type": "Feature", "properties": {"name": "Rothera Station", "adm0_a3": "ATA", "pop_max": 130}, "geometry": {"type": "Point", "coordinates": [-68.123541, -67.564776]}}, {"type": "Feature", "properties": {"name": "Dumont d'Urville Station", "adm0_a3": "ATA", "pop_max": 120}, "geometry": {"type": "Point", "coordinates": [139.963684, -66.775051]}}, {"type": "Feature", "properties": {"name": "Belgrano II Base", "adm0_a3": "ATA", "pop_max": 100}, "geometry": {"type": "Point", "coordinates": [-34.616683, -77.866321]}}, {"type": "Feature", "properties": {"name": "Khartoum", "adm0_a3": "SDN", "pop_max": 4754000}, "geometry": {"type": "Point", "coordinates": [32.532233, 15.590024]}}, {"type": "Feature", "properties": {"name": "Omdurman", "adm0_a3": "SDN", "pop_max": 2395159}, "geometry": {"type": "Point", "coordinates": [32.480022, 15.616681]}}, {"type": "Feature", "properties": {"name": "Port Sudan", "adm0_a3": "SDN", "pop_max": 489725}, "geometry": {"type": "Point", "coordinates": [37.216426, 19.615791]}}, {"type": "Feature", "properties": {"name": "Kassala", "adm0_a3": "SDN", "pop_max": 401477}, "geometry": {"type": "Point", "coordinates": [36.390016, 15.459972]}}, {"type": "Feature", "properties": {"name": "Al-Ubayyid", "adm0_a3": "SDN", "pop_max": 393311}, "geometry": {"type": "Point", "coordinates": [30.216698, 13.18329]}}, {"type": "Feature", "properties": {"name": "Nyala", "adm0_a3": "SDN", "pop_max": 392373}, "geometry": {"type": "Point", "coordinates": [24.889995, 12.059973]}}, {"type": "Feature", "properties": {"name": "Kosti", "adm0_a3": "SDN", "pop_max": 345068}, "geometry": {"type": "Point", "coordinates": [32.660011, 13.169983]}}, {"type": "Feature", "properties": {"name": "Lusaka", "adm0_a3": "ZMB", "pop_max": 1328000}, "geometry": {"type": "Point", "coordinates": [28.281382, -15.414698]}}, {"type": "Feature", "properties": {"name": "Kitwe", "adm0_a3": "ZMB", "pop_max": 404901}, "geometry": {"type": "Point", "coordinates": [28.220024, -12.810033]}}, {"type": "Feature", "properties": {"name": "Ndola", "adm0_a3": "ZMB", "pop_max": 396339}, "geometry": {"type": "Point", "coordinates": [28.650024, -12.999944]}}, {"type": "Feature", "properties": {"name": "Kasama", "adm0_a3": "ZMB", "pop_max": 200000}, "geometry": {"type": "Point", "coordinates": [31.179947, -10.199598]}}, {"type": "Feature", "properties": {"name": "Kabwe", "adm0_a3": "ZMB", "pop_max": 188979}, "geometry": {"type": "Point", "coordinates": [28.449984, -14.440011]}}, {"type": "Feature", "properties": {"name": "Chingola", "adm0_a3": "ZMB", "pop_max": 182015}, "geometry": {"type": "Point", "coordinates": [27.850021, -12.539611]}}, {"type": "Feature", "properties": {"name": "Livingstone", "adm0_a3": "ZMB", "pop_max": 165480}, "geometry": {"type": "Point", "coordinates": [25.860013, -17.860009]}}, {"type": "Feature", "properties": {"name": "Mufulira", "adm0_a3": "ZMB", "pop_max": 153624}, "geometry": {"type": "Point", "coordinates": [28.25997, -12.549997]}}, {"type": "Feature", "properties": {"name": "Harare", "adm0_a3": "ZWE", "pop_max": 1572000}, "geometry": {"type": "Point", "coordinates": [31.042764, -17.815844]}}, {"type": "Feature", "properties": {"name": "Bulawayo", "adm0_a3": "ZWE", "pop_max": 699385}, "geometry": {"type": "Point", "coordinates": [28.580002, -20.169998]}}, {"type": "Feature", "properties": {"name": "Chitungwiza", "adm0_a3": "ZWE", "pop_max": 340360}, "geometry": {"type": "Point", "coordinates": [31.100003, -18.000001]}}, {"type": "Feature", "properties": {"name": "Mutare", "adm0_a3": "ZWE", "pop_max": 249365}, "geometry": {"type": "Point", "coordinates": [32.650038, -18.970019]}}, {"type": "Feature", "properties": {"name": "Gweru", "adm0_a3": "ZWE", "pop_max": 183358}, "geometry": {"type": "Point", "coordinates": [29.82003, -19.450042]}}, {"type": "Feature", "properties": {"name": "Port Vila", "adm0_a3": "VUT", "pop_max": 44040}, "geometry": {"type": "Point", "coordinates": [168.316641, -17.73335]}}, {"type": "Feature", "properties": {"name": "Niamey", "adm0_a3": "NER", "pop_max": 915000}, "geometry": {"type": "Point", "coordinates": [2.11471, 13.518652]}}, {"type": "Feature", "properties": {"name": "Niamey", "adm0_a3": "NER", "pop_max": 232555}, "geometry": {"type": "Point", "coordinates": [7.096404, 13.491643]}}, {"type": "Feature", "properties": {"name": "Zinder", "adm0_a3": "NER", "pop_max": 230358}, "geometry": {"type": "Point", "coordinates": [8.983317, 13.799996]}}, {"type": "Feature", "properties": {"name": "Agadez", "adm0_a3": "NER", "pop_max": 117770}, "geometry": {"type": "Point", "coordinates": [7.98281, 16.995873]}}, {"type": "Feature", "properties": {"name": "Ljubljana", "adm0_a3": "SVN", "pop_max": 314807}, "geometry": {"type": "Point", "coordinates": [14.514969, 46.055288]}}, {"type": "Feature", "properties": {"name": "Freetown", "adm0_a3": "SLE", "pop_max": 827000}, "geometry": {"type": "Point", "coordinates": [-13.236162, 8.471957]}}, {"type": "Feature", "properties": {"name": "Maputo", "adm0_a3": "MOZ", "pop_max": 1446000}, "geometry": {"type": "Point", "coordinates": [32.587217, -25.953332]}}, {"type": "Feature", "properties": {"name": "Matola", "adm0_a3": "MOZ", "pop_max": 543907}, "geometry": {"type": "Point", "coordinates": [32.460024, -25.969592]}}, {"type": "Feature", "properties": {"name": "Beira", "adm0_a3": "MOZ", "pop_max": 530604}, "geometry": {"type": "Point", "coordinates": [34.870006, -19.820045]}}, {"type": "Feature", "properties": {"name": "Nampula", "adm0_a3": "MOZ", "pop_max": 388526}, "geometry": {"type": "Point", "coordinates": [39.293043, -15.136041]}}, {"type": "Feature", "properties": {"name": "Chimoio", "adm0_a3": "MOZ", "pop_max": 256936}, "geometry": {"type": "Point", "coordinates": [33.470039, -19.120036]}}, {"type": "Feature", "properties": {"name": "Nacala", "adm0_a3": "MOZ", "pop_max": 224795}, "geometry": {"type": "Point", "coordinates": [40.715024, -14.518611]}}, {"type": "Feature", "properties": {"name": "Quelimane", "adm0_a3": "MOZ", "pop_max": 188964}, "geometry": {"type": "Point", "coordinates": [36.889986, -17.880008]}}, {"type": "Feature", "properties": {"name": "Tete", "adm0_a3": "MOZ", "pop_max": 129316}, "geometry": {"type": "Point", "coordinates": [33.580007, -16.170035]}}, {"type": "Feature", "properties": {"name": "Antananarivo", "adm0_a3": "MDG", "pop_max": 1697000}, "geometry": {"type": "Point", "coordinates": [47.514678, -18.914691]}}, {"type": "Feature", "properties": {"name": "Antsirabe", "adm0_a3": "MDG", "pop_max": 307921}, "geometry": {"type": "Point", "coordinates": [47.033294, -19.850017]}}, {"type": "Feature", "properties": {"name": "Toamasina", "adm0_a3": "MDG", "pop_max": 210226}, "geometry": {"type": "Point", "coordinates": [49.404984, -18.181798]}}, {"type": "Feature", "properties": {"name": "Fianarantsoa", "adm0_a3": "MDG", "pop_max": 184184}, "geometry": {"type": "Point", "coordinates": [47.083265, -21.433331]}}, {"type": "Feature", "properties": {"name": "Mahajanga", "adm0_a3": "MDG", "pop_max": 154657}, "geometry": {"type": "Point", "coordinates": [46.345016, -15.670014]}}, {"type": "Feature", "properties": {"name": "Toliara", "adm0_a3": "MDG", "pop_max": 115319}, "geometry": {"type": "Point", "coordinates": [43.689984, -23.356831]}}, {"type": "Feature", "properties": {"name": "Antsiranana", "adm0_a3": "MDG", "pop_max": 82937}, "geometry": {"type": "Point", "coordinates": [49.311526, -12.276502]}}, {"type": "Feature", "properties": {"name": "Honiara", "adm0_a3": "SLB", "pop_max": 76328}, "geometry": {"type": "Point", "coordinates": [159.949766, -9.437994]}}, {"type": "Feature", "properties": {"name": "Casablanca", "adm0_a3": "MAR", "pop_max": 3181000}, "geometry": {"type": "Point", "coordinates": [-7.618313, 33.601922]}}, {"type": "Feature", "properties": {"name": "Rabat", "adm0_a3": "MAR", "pop_max": 1705000}, "geometry": {"type": "Point", "coordinates": [-6.836408, 34.025307]}}, {"type": "Feature", "properties": {"name": "Fez", "adm0_a3": "MAR", "pop_max": 1002000}, "geometry": {"type": "Point", "coordinates": [-5.002323, 34.056545]}}, {"type": "Feature", "properties": {"name": "Marrakesh", "adm0_a3": "MAR", "pop_max": 872000}, "geometry": {"type": "Point", "coordinates": [-8.001933, 31.631939]}}, {"type": "Feature", "properties": {"name": "Agadir", "adm0_a3": "MAR", "pop_max": 825467}, "geometry": {"type": "Point", "coordinates": [-9.620044, 30.439988]}}, {"type": "Feature", "properties": {"name": "Tangier", "adm0_a3": "MAR", "pop_max": 750060}, "geometry": {"type": "Point", "coordinates": [-5.806198, 35.775925]}}, {"type": "Feature", "properties": {"name": "Manila", "adm0_a3": "PHL", "pop_max": 11100000}, "geometry": {"type": "Point", "coordinates": [120.980271, 14.606105]}}, {"type": "Feature", "properties": {"name": "Quezon City", "adm0_a3": "PHL", "pop_max": 2761720}, "geometry": {"type": "Point", "coordinates": [121.029966, 14.650435]}}, {"type": "Feature", "properties": {"name": "Davao", "adm0_a3": "PHL", "pop_max": 1402000}, "geometry": {"type": "Point", "coordinates": [125.62805, 7.111963]}}, {"type": "Feature", "properties": {"name": "Cagayan de Oro", "adm0_a3": "PHL", "pop_max": 1121561}, "geometry": {"type": "Point", "coordinates": [124.685299, 8.45084]}}, {"type": "Feature", "properties": {"name": "General Santos", "adm0_a3": "PHL", "pop_max": 950530}, "geometry": {"type": "Point", "coordinates": [125.174726, 6.110827]}}, {"type": "Feature", "properties": {"name": "Bacolod", "adm0_a3": "PHL", "pop_max": 949354}, "geometry": {"type": "Point", "coordinates": [122.981682, 10.631688]}}, {"type": "Feature", "properties": {"name": "Cebu", "adm0_a3": "PHL", "pop_max": 815000}, "geometry": {"type": "Point", "coordinates": [123.898129, 10.321922]}}, {"type": "Feature", "properties": {"name": "Zamboanga", "adm0_a3": "PHL", "pop_max": 773000}, "geometry": {"type": "Point", "coordinates": [122.078085, 6.921923]}}, {"type": "Feature", "properties": {"name": "Naga", "adm0_a3": "PHL", "pop_max": 741635}, "geometry": {"type": "Point", "coordinates": [123.181359, 13.619155]}}, {"type": "Feature", "properties": {"name": "Bamako", "adm0_a3": "MLI", "pop_max": 1494000}, "geometry": {"type": "Point", "coordinates": [-8.001985, 12.65196]}}, {"type": "Feature", "properties": {"name": "Sikasso", "adm0_a3": "MLI", "pop_max": 225753}, "geometry": {"type": "Point", "coordinates": [-5.68, 11.320406]}}, {"type": "Feature", "properties": {"name": "S\u00e9gou", "adm0_a3": "MLI", "pop_max": 122952}, "geometry": {"type": "Point", "coordinates": [-6.260016, 13.439992]}}, {"type": "Feature", "properties": {"name": "Gao", "adm0_a3": "MLI", "pop_max": 116967}, "geometry": {"type": "Point", "coordinates": [-0.050008, 16.26659]}}, {"type": "Feature", "properties": {"name": "Mopti", "adm0_a3": "MLI", "pop_max": 108456}, "geometry": {"type": "Point", "coordinates": [-4.18004, 14.48998]}}, {"type": "Feature", "properties": {"name": "Koutiala", "adm0_a3": "MLI", "pop_max": 104927}, "geometry": {"type": "Point", "coordinates": [-5.469987, 12.390418]}}, {"type": "Feature", "properties": {"name": "Kayes", "adm0_a3": "MLI", "pop_max": 77207}, "geometry": {"type": "Point", "coordinates": [-11.44001, 14.449982]}}, {"type": "Feature", "properties": {"name": "Tripoli", "adm0_a3": "LBY", "pop_max": 2189000}, "geometry": {"type": "Point", "coordinates": [13.180012, 32.8925]}}, {"type": "Feature", "properties": {"name": "Banghazi", "adm0_a3": "LBY", "pop_max": 1180000}, "geometry": {"type": "Point", "coordinates": [20.064777, 32.118679]}}, {"type": "Feature", "properties": {"name": "Misrata", "adm0_a3": "LBY", "pop_max": 386120}, "geometry": {"type": "Point", "coordinates": [15.099998, 32.379973]}}, {"type": "Feature", "properties": {"name": "Tubruq", "adm0_a3": "LBY", "pop_max": 263527}, "geometry": {"type": "Point", "coordinates": [23.960026, 32.079991]}}, {"type": "Feature", "properties": {"name": "Al Khums", "adm0_a3": "LBY", "pop_max": 201943}, "geometry": {"type": "Point", "coordinates": [14.259998, 32.660421]}}, {"type": "Feature", "properties": {"name": "Az Zawiyah", "adm0_a3": "LBY", "pop_max": 200000}, "geometry": {"type": "Point", "coordinates": [12.719988, 32.760415]}}, {"type": "Feature", "properties": {"name": "Zuwara", "adm0_a3": "LBY", "pop_max": 180310}, "geometry": {"type": "Point", "coordinates": [12.079149, 32.93441]}}, {"type": "Feature", "properties": {"name": "Al Marj", "adm0_a3": "LBY", "pop_max": 169540}, "geometry": {"type": "Point", "coordinates": [20.829984, 32.500457]}}, {"type": "Feature", "properties": {"name": "Luanda", "adm0_a3": "AGO", "pop_max": 5172900}, "geometry": {"type": "Point", "coordinates": [13.232481, -8.83634]}}, {"type": "Feature", "properties": {"name": "Huambo", "adm0_a3": "AGO", "pop_max": 1100000}, "geometry": {"type": "Point", "coordinates": [15.758064, -12.74804]}}, {"type": "Feature", "properties": {"name": "Lobito", "adm0_a3": "AGO", "pop_max": 207932}, "geometry": {"type": "Point", "coordinates": [13.54123, -12.370009]}}, {"type": "Feature", "properties": {"name": "Benguela", "adm0_a3": "AGO", "pop_max": 151226}, "geometry": {"type": "Point", "coordinates": [13.407233, -12.578264]}}, {"type": "Feature", "properties": {"name": "Mo\u00e7\u00e2medes", "adm0_a3": "AGO", "pop_max": 132900}, "geometry": {"type": "Point", "coordinates": [12.160022, -15.190043]}}, {"type": "Feature", "properties": {"name": "Malanje", "adm0_a3": "AGO", "pop_max": 125856}, "geometry": {"type": "Point", "coordinates": [16.340026, -9.54]}}, {"type": "Feature", "properties": {"name": "Lubango", "adm0_a3": "AGO", "pop_max": 125632}, "geometry": {"type": "Point", "coordinates": [13.490019, -14.910008]}}, {"type": "Feature", "properties": {"name": "Kuito", "adm0_a3": "AGO", "pop_max": 114286}, "geometry": {"type": "Point", "coordinates": [16.939989, -12.380034]}}, {"type": "Feature", "properties": {"name": "Cabinda", "adm0_a3": "AGO", "pop_max": 91791}, "geometry": {"type": "Point", "coordinates": [12.189995, -5.559623]}}, {"type": "Feature", "properties": {"name": "Capenda-Camulemba", "adm0_a3": "AGO", "pop_max": 80000}, "geometry": {"type": "Point", "coordinates": [18.430027, -9.419594]}}, {"type": "Feature", "properties": {"name": "Soyo", "adm0_a3": "AGO", "pop_max": 67491}, "geometry": {"type": "Point", "coordinates": [12.369984, -6.129614]}}, {"type": "Feature", "properties": {"name": "Mbanza-Congo", "adm0_a3": "AGO", "pop_max": 60182}, "geometry": {"type": "Point", "coordinates": [14.239999, -6.269606]}}, {"type": "Feature", "properties": {"name": "Jakarta", "adm0_a3": "IDN", "pop_max": 9125000}, "geometry": {"type": "Point", "coordinates": [106.827492, -6.172472]}}, {"type": "Feature", "properties": {"name": "Surabaya", "adm0_a3": "IDN", "pop_max": 2845000}, "geometry": {"type": "Point", "coordinates": [112.748887, -7.24729]}}, {"type": "Feature", "properties": {"name": "Bandung", "adm0_a3": "IDN", "pop_max": 2394000}, "geometry": {"type": "Point", "coordinates": [107.568067, -6.948083]}}, {"type": "Feature", "properties": {"name": "Bekasi", "adm0_a3": "IDN", "pop_max": 2378211}, "geometry": {"type": "Point", "coordinates": [106.972323, -6.217257]}}, {"type": "Feature", "properties": {"name": "Medan", "adm0_a3": "IDN", "pop_max": 2115000}, "geometry": {"type": "Point", "coordinates": [98.648094, 3.58192]}}, {"type": "Feature", "properties": {"name": "Palembang", "adm0_a3": "IDN", "pop_max": 1749000}, "geometry": {"type": "Point", "coordinates": [104.748084, -2.978093]}}, {"type": "Feature", "properties": {"name": "Semarang", "adm0_a3": "IDN", "pop_max": 1396000}, "geometry": {"type": "Point", "coordinates": [110.418074, -6.964672]}}, {"type": "Feature", "properties": {"name": "Makassar", "adm0_a3": "IDN", "pop_max": 1262000}, "geometry": {"type": "Point", "coordinates": [119.430082, -5.138013]}}, {"type": "Feature", "properties": {"name": "Cilacap", "adm0_a3": "IDN", "pop_max": 1174964}, "geometry": {"type": "Point", "coordinates": [109.015402, -7.71882]}}, {"type": "Feature", "properties": {"name": "Bogor", "adm0_a3": "IDN", "pop_max": 918000}, "geometry": {"type": "Point", "coordinates": [106.748065, -6.568055]}}, {"type": "Feature", "properties": {"name": "Bandar Lampung", "adm0_a3": "IDN", "pop_max": 881801}, "geometry": {"type": "Point", "coordinates": [105.300022, -5.449604]}}, {"type": "Feature", "properties": {"name": "Bandar Lampung", "adm0_a3": "IDN", "pop_max": 865000}, "geometry": {"type": "Point", "coordinates": [105.268052, -5.428073]}}, {"type": "Feature", "properties": {"name": "Padang", "adm0_a3": "IDN", "pop_max": 855000}, "geometry": {"type": "Point", "coordinates": [100.358068, -0.958061]}}, {"type": "Feature", "properties": {"name": "Malang", "adm0_a3": "IDN", "pop_max": 805000}, "geometry": {"type": "Point", "coordinates": [112.608069, -7.978046]}}, {"type": "Feature", "properties": {"name": "Pekanbaru", "adm0_a3": "IDN", "pop_max": 799000}, "geometry": {"type": "Point", "coordinates": [101.423067, 0.56691]}}, {"type": "Feature", "properties": {"name": "Denpasar", "adm0_a3": "IDN", "pop_max": 732344}, "geometry": {"type": "Point", "coordinates": [115.219985, -8.650029]}}, {"type": "Feature", "properties": {"name": "Yogyakarta", "adm0_a3": "IDN", "pop_max": 636660}, "geometry": {"type": "Point", "coordinates": [110.375009, -7.779953]}}, {"type": "Feature", "properties": {"name": "Palu", "adm0_a3": "IDN", "pop_max": 612445}, "geometry": {"type": "Point", "coordinates": [119.833037, -0.907039]}}, {"type": "Feature", "properties": {"name": "Pontianak", "adm0_a3": "IDN", "pop_max": 607311}, "geometry": {"type": "Point", "coordinates": [109.319983, -0.029987]}}, {"type": "Feature", "properties": {"name": "Bandjarmasin", "adm0_a3": "IDN", "pop_max": 603576}, "geometry": {"type": "Point", "coordinates": [114.580076, -3.329992]}}, {"type": "Feature", "properties": {"name": "Samarinda", "adm0_a3": "IDN", "pop_max": 592228}, "geometry": {"type": "Point", "coordinates": [117.149996, -0.500035]}}, {"type": "Feature", "properties": {"name": "Binjai", "adm0_a3": "IDN", "pop_max": 564979}, "geometry": {"type": "Point", "coordinates": [98.500075, 3.620359]}}, {"type": "Feature", "properties": {"name": "Surakarta", "adm0_a3": "IDN", "pop_max": 555308}, "geometry": {"type": "Point", "coordinates": [110.825008, -7.564979]}}, {"type": "Feature", "properties": {"name": "Banda Aceh", "adm0_a3": "IDN", "pop_max": 513698}, "geometry": {"type": "Point", "coordinates": [95.320011, 5.549983]}}, {"type": "Feature", "properties": {"name": "Bukittinggi", "adm0_a3": "IDN", "pop_max": 506964}, "geometry": {"type": "Point", "coordinates": [100.36146, -0.303148]}}, {"type": "Feature", "properties": {"name": "Pasuruan", "adm0_a3": "IDN", "pop_max": 500000}, "geometry": {"type": "Point", "coordinates": [112.900023, -7.629574]}}, {"type": "Feature", "properties": {"name": "Asmara", "adm0_a3": "ERI", "pop_max": 620802}, "geometry": {"type": "Point", "coordinates": [38.933324, 15.333339]}}, {"type": "Feature", "properties": {"name": "Suva", "adm0_a3": "FJI", "pop_max": 175399}, "geometry": {"type": "Point", "coordinates": [178.441707, -18.133016]}}, {"type": "Feature", "properties": {"name": "Nuuk", "adm0_a3": "GRL", "pop_max": 14798}, "geometry": {"type": "Point", "coordinates": [-51.732659, 64.198281]}}, {"type": "Feature", "properties": {"name": "Sisimiut", "adm0_a3": "GRL", "pop_max": 5227}, "geometry": {"type": "Point", "coordinates": [-53.666606, 66.950008]}}, {"type": "Feature", "properties": {"name": "Ilulissat", "adm0_a3": "GRL", "pop_max": 4413}, "geometry": {"type": "Point", "coordinates": [-51.099967, 69.216665]}}, {"type": "Feature", "properties": {"name": "Qaqortoq", "adm0_a3": "GRL", "pop_max": 3224}, "geometry": {"type": "Point", "coordinates": [-46.036412, 60.72891]}}, {"type": "Feature", "properties": {"name": "Paamiut", "adm0_a3": "GRL", "pop_max": 1862}, "geometry": {"type": "Point", "coordinates": [-49.63507, 62.004102]}}, {"type": "Feature", "properties": {"name": "Capitol Hill", "adm0_a3": "MNP", "pop_max": 2500}, "geometry": {"type": "Point", "coordinates": [145.750576, 15.211254]}}, {"type": "Feature", "properties": {"name": "Christiansted", "adm0_a3": "VIR", "pop_max": 32543}, "geometry": {"type": "Point", "coordinates": [-64.749986, 17.750375]}}, {"type": "Feature", "properties": {"name": "San Juan", "adm0_a3": "PRI", "pop_max": 2478905}, "geometry": {"type": "Point", "coordinates": [-66.129979, 18.440023]}}, {"type": "Feature", "properties": {"name": "Grytviken", "adm0_a3": "SGS", "pop_max": 99}, "geometry": {"type": "Point", "coordinates": [-36.507989, -54.280577]}}, {"type": "Feature", "properties": {"name": "Stanley", "adm0_a3": "FLK", "pop_max": 2213}, "geometry": {"type": "Point", "coordinates": [-57.849968, -51.700011]}}, {"type": "Feature", "properties": {"name": "George Town", "adm0_a3": "CYM", "pop_max": 4268}, "geometry": {"type": "Point", "coordinates": [-81.37157, 19.294748]}}, {"type": "Feature", "properties": {"name": "Grand Turk", "adm0_a3": "TCA", "pop_max": 5801}, "geometry": {"type": "Point", "coordinates": [-71.135979, 21.466427]}}, {"type": "Feature", "properties": {"name": "Douglas", "adm0_a3": "IMN", "pop_max": 35854}, "geometry": {"type": "Point", "coordinates": [-4.480269, 54.149122]}}, {"type": "Feature", "properties": {"name": "Nuku'alofa", "adm0_a3": "TON", "pop_max": 42620}, "geometry": {"type": "Point", "coordinates": [-175.220564, -21.138512]}}, {"type": "Feature", "properties": {"name": "San Marino", "adm0_a3": "SMR", "pop_max": 29579}, "geometry": {"type": "Point", "coordinates": [12.44177, 43.936096]}}, {"type": "Feature", "properties": {"name": "Koror", "adm0_a3": "PLW", "pop_max": 11200}, "geometry": {"type": "Point", "coordinates": [134.469501, 7.345226]}}, {"type": "Feature", "properties": {"name": "Willemstad", "adm0_a3": "CUW", "pop_max": 146813}, "geometry": {"type": "Point", "coordinates": [-68.872356, 12.11229]}}, {"type": "Feature", "properties": {"name": "Oranjestad", "adm0_a3": "ABW", "pop_max": 68775}, "geometry": {"type": "Point", "coordinates": [-70.025526, 12.521503]}}, {"type": "Feature", "properties": {"name": "Port Louis", "adm0_a3": "MUS", "pop_max": 595491}, "geometry": {"type": "Point", "coordinates": [57.499994, -20.166639]}}, {"type": "Feature", "properties": {"name": "Vaduz", "adm0_a3": "LIE", "pop_max": 36281}, "geometry": {"type": "Point", "coordinates": [9.51667, 47.133724]}}, {"type": "Feature", "properties": {"name": "Praia", "adm0_a3": "CPV", "pop_max": 113364}, "geometry": {"type": "Point", "coordinates": [-23.516689, 14.916698]}}, {"type": "Feature", "properties": {"name": "Gibraltar", "adm0_a3": "GIB", "pop_max": 187083}, "geometry": {"type": "Point", "coordinates": [-5.346014, 36.128342]}}, {"type": "Feature", "properties": {"name": "Longyearbyen", "adm0_a3": "SJM", "pop_max": 1232}, "geometry": {"type": "Point", "coordinates": [15.620904, 78.220971]}}, {"type": "Feature", "properties": {"name": "Noum\u00e9a", "adm0_a3": "NCL", "pop_max": 93060}, "geometry": {"type": "Point", "coordinates": [166.444285, -22.262528]}}, {"type": "Feature", "properties": {"name": "Palikir", "adm0_a3": "FSM", "pop_max": 4645}, "geometry": {"type": "Point", "coordinates": [158.149974, 6.916644]}}, {"type": "Feature", "properties": {"name": "Majuro", "adm0_a3": "MHL", "pop_max": 25400}, "geometry": {"type": "Point", "coordinates": [171.38, 7.103004]}}, {"type": "Feature", "properties": {"name": "Agana", "adm0_a3": "GUM", "pop_max": 122411}, "geometry": {"type": "Point", "coordinates": [144.750017, 13.470016]}}, {"type": "Feature", "properties": {"name": "Funafuti", "adm0_a3": "TUV", "pop_max": 4749}, "geometry": {"type": "Point", "coordinates": [179.216647, -8.516652]}}, {"type": "Feature", "properties": {"name": "Bir Lehlou", "adm0_a3": "SAH", "pop_max": 500}, "geometry": {"type": "Point", "coordinates": [-9.652522, 26.119167]}}, {"type": "Feature", "properties": {"name": "Monaco", "adm0_a3": "MCO", "pop_max": 36371}, "geometry": {"type": "Point", "coordinates": [7.406913, 43.739646]}}, {"type": "Feature", "properties": {"name": "Tarawa", "adm0_a3": "KIR", "pop_max": 28802}, "geometry": {"type": "Point", "coordinates": [173.017571, 1.338188]}}, {"type": "Feature", "properties": {"name": "Moroni", "adm0_a3": "COM", "pop_max": 128698}, "geometry": {"type": "Point", "coordinates": [43.240244, -11.704158]}}, {"type": "Feature", "properties": {"name": "Macau", "adm0_a3": "MAC", "pop_max": 568700}, "geometry": {"type": "Point", "coordinates": [113.544375, 22.189135]}}, {"type": "Feature", "properties": {"name": "Andorra", "adm0_a3": "AND", "pop_max": 53998}, "geometry": {"type": "Point", "coordinates": [1.526594, 42.510753]}}, {"type": "Feature", "properties": {"name": "Avarua", "adm0_a3": "COK", "pop_max": 5445}, "geometry": {"type": "Point", "coordinates": [-159.785437, -21.196226]}}, {"type": "Feature", "properties": {"name": "Doha", "adm0_a3": "QAT", "pop_max": 1450000}, "geometry": {"type": "Point", "coordinates": [51.532968, 25.286556]}}, {"type": "Feature", "properties": {"name": "Podgorica", "adm0_a3": "MNE", "pop_max": 145850}, "geometry": {"type": "Point", "coordinates": [19.266307, 42.465972]}}, {"type": "Feature", "properties": {"name": "Roseau", "adm0_a3": "DMA", "pop_max": 23336}, "geometry": {"type": "Point", "coordinates": [-61.387013, 15.301016]}}, {"type": "Feature", "properties": {"name": "Bridgetown", "adm0_a3": "BRB", "pop_max": 191152}, "geometry": {"type": "Point", "coordinates": [-59.616527, 13.102003]}}, {"type": "Feature", "properties": {"name": "Pago Pago", "adm0_a3": "ASM", "pop_max": 12576}, "geometry": {"type": "Point", "coordinates": [-170.706645, -14.276611]}}, {"type": "Feature", "properties": {"name": "Kingstown", "adm0_a3": "VCT", "pop_max": 49485}, "geometry": {"type": "Point", "coordinates": [-61.220236, 13.155756]}}, {"type": "Feature", "properties": {"name": "Castries", "adm0_a3": "LCA", "pop_max": 37963}, "geometry": {"type": "Point", "coordinates": [-60.992875, 14.007875]}}, {"type": "Feature", "properties": {"name": "Basseterre", "adm0_a3": "KNA", "pop_max": 21887}, "geometry": {"type": "Point", "coordinates": [-62.717009, 17.302031]}}, {"type": "Feature", "properties": {"name": "Saint George's", "adm0_a3": "GRD", "pop_max": 33734}, "geometry": {"type": "Point", "coordinates": [-61.741643, 12.052633]}}, {"type": "Feature", "properties": {"name": "Papeete", "adm0_a3": "PYF", "pop_max": 131695}, "geometry": {"type": "Point", "coordinates": [-149.566669, -17.533363]}}, {"type": "Feature", "properties": {"name": "Manama", "adm0_a3": "BHR", "pop_max": 563920}, "geometry": {"type": "Point", "coordinates": [50.583052, 26.236136]}}, {"type": "Feature", "properties": {"name": "Nassau", "adm0_a3": "BHS", "pop_max": 227940}, "geometry": {"type": "Point", "coordinates": [-77.350044, 25.08339]}}, {"type": "Feature", "properties": {"name": "Saint John's", "adm0_a3": "ATG", "pop_max": 35499}, "geometry": {"type": "Point", "coordinates": [-61.850034, 17.118036]}}, {"type": "Feature", "properties": {"name": "Dili", "adm0_a3": "TLS", "pop_max": 234331}, "geometry": {"type": "Point", "coordinates": [125.579456, -8.559388]}}, {"type": "Feature", "properties": {"name": "Bandar Seri Begawan", "adm0_a3": "BRN", "pop_max": 296500}, "geometry": {"type": "Point", "coordinates": [114.933284, 4.883331]}}, {"type": "Feature", "properties": {"name": "Hamilton", "adm0_a3": "BMU", "pop_max": 52320}, "geometry": {"type": "Point", "coordinates": [-64.783937, 32.29419]}}, {"type": "Feature", "properties": {"name": "Victoria", "adm0_a3": "SYC", "pop_max": 33576}, "geometry": {"type": "Point", "coordinates": [55.44999, -4.616632]}}, {"type": "Feature", "properties": {"name": "Apia", "adm0_a3": "WSM", "pop_max": 61916}, "geometry": {"type": "Point", "coordinates": [-171.768599, -13.835715]}}, {"type": "Feature", "properties": {"name": "Valletta", "adm0_a3": "MLT", "pop_max": 368250}, "geometry": {"type": "Point", "coordinates": [14.514711, 35.899732]}}, {"type": "Feature", "properties": {"name": "Mal\u00e9", "adm0_a3": "MDV", "pop_max": 112927}, "geometry": {"type": "Point", "coordinates": [73.508901, 4.172037]}}, {"type": "Feature", "properties": {"name": "Singapore", "adm0_a3": "SGP", "pop_max": 5183700}, "geometry": {"type": "Point", "coordinates": [103.853875, 1.294979]}}, {"type": "Feature", "properties": {"name": "Hong Kong", "adm0_a3": "HKG", "pop_max": 7206000}, "geometry": {"type": "Point", "coordinates": [114.183064, 22.306927]}}, {"type": "Feature", "properties": {"name": "Auckland", "adm0_a3": "NZL", "pop_max": 1377200}, "geometry": {"type": "Point", "coordinates": [174.763027, -36.848055]}}, {"type": "Feature", "properties": {"name": "Wellington", "adm0_a3": "NZL", "pop_max": 393400}, "geometry": {"type": "Point", "coordinates": [174.777201, -41.292068]}}, {"type": "Feature", "properties": {"name": "Manukau", "adm0_a3": "NZL", "pop_max": 375600}, "geometry": {"type": "Point", "coordinates": [174.884971, -36.99997]}}, {"type": "Feature", "properties": {"name": "Christchurch", "adm0_a3": "NZL", "pop_max": 363200}, "geometry": {"type": "Point", "coordinates": [172.630023, -43.535022]}}, {"type": "Feature", "properties": {"name": "Waitakere", "adm0_a3": "NZL", "pop_max": 208100}, "geometry": {"type": "Point", "coordinates": [174.554279, -36.852449]}}, {"type": "Feature", "properties": {"name": "North Shore", "adm0_a3": "NZL", "pop_max": 205605}, "geometry": {"type": "Point", "coordinates": [174.775839, -36.791269]}}, {"type": "Feature", "properties": {"name": "Hamilton", "adm0_a3": "NZL", "pop_max": 148200}, "geometry": {"type": "Point", "coordinates": [175.289578, -37.778269]}}, {"type": "Feature", "properties": {"name": "Tauranga", "adm0_a3": "NZL", "pop_max": 121500}, "geometry": {"type": "Point", "coordinates": [176.153629, -37.696416]}}, {"type": "Feature", "properties": {"name": "Dunedin", "adm0_a3": "NZL", "pop_max": 117700}, "geometry": {"type": "Point", "coordinates": [170.491016, -45.885423]}}, {"type": "Feature", "properties": {"name": "Lower Hutt", "adm0_a3": "NZL", "pop_max": 102400}, "geometry": {"type": "Point", "coordinates": [174.912312, -41.203745]}}, {"type": "Feature", "properties": {"name": "Palmerston North", "adm0_a3": "NZL", "pop_max": 82400}, "geometry": {"type": "Point", "coordinates": [175.607211, -40.352691]}}, {"type": "Feature", "properties": {"name": "Hastings", "adm0_a3": "NZL", "pop_max": 66100}, "geometry": {"type": "Point", "coordinates": [176.8368, -39.638203]}}, {"type": "Feature", "properties": {"name": "Nelson", "adm0_a3": "NZL", "pop_max": 60800}, "geometry": {"type": "Point", "coordinates": [173.247448, -41.292592]}}, {"type": "Feature", "properties": {"name": "Atafu", "adm0_a3": "TKL", "pop_max": 524}, "geometry": {"type": "Point", "coordinates": [-172.497665, -8.548618]}}, {"type": "Feature", "properties": {"name": "Alofi", "adm0_a3": "NIU", "pop_max": 581}, "geometry": {"type": "Point", "coordinates": [-169.913625, -19.065988]}}, {"type": "Feature", "properties": {"name": "Uyo", "adm0_a3": "NGA", "pop_max": 554906}, "geometry": {"type": "Point", "coordinates": [7.916153, 5.036014]}}, {"type": "Feature", "properties": {"name": "Taoyuan", "adm0_a3": "TWN", "pop_max": 500000}, "geometry": {"type": "Point", "coordinates": [121.311111, 24.988889]}}, {"type": "Feature", "properties": {"name": "Cheongju", "adm0_a3": "KOR", "pop_max": 775096}, "geometry": {"type": "Point", "coordinates": [127.501199, 36.643899]}}, {"type": "Feature", "properties": {"name": "Ansan", "adm0_a3": "KOR", "pop_max": 739493}, "geometry": {"type": "Point", "coordinates": [126.859533, 37.348068]}}, {"type": "Feature", "properties": {"name": "Bradford", "adm0_a3": "GBR", "pop_max": 501700}, "geometry": {"type": "Point", "coordinates": [-1.754465, 53.791675]}}, {"type": "Feature", "properties": {"name": "Al Hillah", "adm0_a3": "SAU", "pop_max": 594605}, "geometry": {"type": "Point", "coordinates": [46.75636, 23.489456]}}, {"type": "Feature", "properties": {"name": "Irbid", "adm0_a3": "JOR", "pop_max": 650000}, "geometry": {"type": "Point", "coordinates": [35.849998, 32.549989]}}, {"type": "Feature", "properties": {"name": "Linxia", "adm0_a3": "CHN", "pop_max": 534555}, "geometry": {"type": "Point", "coordinates": [103.200047, 35.600009]}}, {"type": "Feature", "properties": {"name": "Zhuozhou", "adm0_a3": "CHN", "pop_max": 628000}, "geometry": {"type": "Point", "coordinates": [115.789976, 39.540053]}}, {"type": "Feature", "properties": {"name": "Dortmund", "adm0_a3": "DEU", "pop_max": 588462}, "geometry": {"type": "Point", "coordinates": [7.450026, 51.529967]}}, {"type": "Feature", "properties": {"name": "Yangquan", "adm0_a3": "CHN", "pop_max": 981448}, "geometry": {"type": "Point", "coordinates": [113.570008, 37.869974]}}, {"type": "Feature", "properties": {"name": "Shiyan", "adm0_a3": "CHN", "pop_max": 770000}, "geometry": {"type": "Point", "coordinates": [110.779997, 32.570039]}}, {"type": "Feature", "properties": {"name": "Jingzhou", "adm0_a3": "CHN", "pop_max": 520000}, "geometry": {"type": "Point", "coordinates": [112.229986, 30.320021]}}, {"type": "Feature", "properties": {"name": "Zhucheng", "adm0_a3": "CHN", "pop_max": 1060000}, "geometry": {"type": "Point", "coordinates": [119.380093, 35.989959]}}, {"type": "Feature", "properties": {"name": "Xinyi", "adm0_a3": "CHN", "pop_max": 962656}, "geometry": {"type": "Point", "coordinates": [118.350026, 34.380006]}}, {"type": "Feature", "properties": {"name": "Yangzhou", "adm0_a3": "CHN", "pop_max": 539715}, "geometry": {"type": "Point", "coordinates": [119.430012, 32.399998]}}, {"type": "Feature", "properties": {"name": "\u014ctsu", "adm0_a3": "JPN", "pop_max": 536976}, "geometry": {"type": "Point", "coordinates": [135.867407, 35.006402]}}, {"type": "Feature", "properties": {"name": "Utsunomiya", "adm0_a3": "JPN", "pop_max": 667752}, "geometry": {"type": "Point", "coordinates": [139.870005, 36.549977]}}, {"type": "Feature", "properties": {"name": "Hachi\u014dji", "adm0_a3": "JPN", "pop_max": 579399}, "geometry": {"type": "Point", "coordinates": [139.326059, 35.657706]}}, {"type": "Feature", "properties": {"name": "Hisar", "adm0_a3": "IND", "pop_max": 544829}, "geometry": {"type": "Point", "coordinates": [75.725031, 29.169988]}}, {"type": "Feature", "properties": {"name": "Ajmer", "adm0_a3": "IND", "pop_max": 589985}, "geometry": {"type": "Point", "coordinates": [74.639981, 26.449999]}}, {"type": "Feature", "properties": {"name": "Li\u00e8ge", "adm0_a3": "BEL", "pop_max": 749110}, "geometry": {"type": "Point", "coordinates": [5.580011, 50.629996]}}, {"type": "Feature", "properties": {"name": "Keelung", "adm0_a3": "TWN", "pop_max": 500000}, "geometry": {"type": "Point", "coordinates": [121.733282, 25.133258]}}, {"type": "Feature", "properties": {"name": "Utrecht", "adm0_a3": "NLD", "pop_max": 640000}, "geometry": {"type": "Point", "coordinates": [5.120039, 52.100346]}}, {"type": "Feature", "properties": {"name": "Sargodha", "adm0_a3": "PAK", "pop_max": 542603}, "geometry": {"type": "Point", "coordinates": [72.674985, 32.085366]}}, {"type": "Feature", "properties": {"name": "Bannu", "adm0_a3": "PAK", "pop_max": 622419}, "geometry": {"type": "Point", "coordinates": [70.598574, 32.98898]}}, {"type": "Feature", "properties": {"name": "Kenitra", "adm0_a3": "MAR", "pop_max": 551786}, "geometry": {"type": "Point", "coordinates": [-6.579997, 34.2704]}}, {"type": "Feature", "properties": {"name": "Meknes", "adm0_a3": "MAR", "pop_max": 697628}, "geometry": {"type": "Point", "coordinates": [-5.559981, 33.900423]}}, {"type": "Feature", "properties": {"name": "Jeonju", "adm0_a3": "KOR", "pop_max": 711424}, "geometry": {"type": "Point", "coordinates": [127.140394, 35.831416]}}, {"type": "Feature", "properties": {"name": "Abeokuta", "adm0_a3": "NGA", "pop_max": 593100}, "geometry": {"type": "Point", "coordinates": [3.350017, 7.160427]}}, {"type": "Feature", "properties": {"name": "Awka", "adm0_a3": "NGA", "pop_max": 500000}, "geometry": {"type": "Point", "coordinates": [7.069997, 6.210434]}}, {"type": "Feature", "properties": {"name": "Wroc\u0142aw", "adm0_a3": "POL", "pop_max": 634893}, "geometry": {"type": "Point", "coordinates": [17.030009, 51.110432]}}, {"type": "Feature", "properties": {"name": "Pozna\u0144", "adm0_a3": "POL", "pop_max": 623997}, "geometry": {"type": "Point", "coordinates": [16.89994, 52.405753]}}, {"type": "Feature", "properties": {"name": "Gliwice", "adm0_a3": "POL", "pop_max": 507670}, "geometry": {"type": "Point", "coordinates": [18.670013, 50.330376]}}, {"type": "Feature", "properties": {"name": "Beihai", "adm0_a3": "CHN", "pop_max": 728978}, "geometry": {"type": "Point", "coordinates": [109.100048, 21.480406]}}, {"type": "Feature", "properties": {"name": "Changping", "adm0_a3": "CHN", "pop_max": 614821}, "geometry": {"type": "Point", "coordinates": [116.194396, 40.224766]}}, {"type": "Feature", "properties": {"name": "Tongling", "adm0_a3": "CHN", "pop_max": 562832}, "geometry": {"type": "Point", "coordinates": [117.780035, 30.950448]}}, {"type": "Feature", "properties": {"name": "Yangjiang", "adm0_a3": "CHN", "pop_max": 872363}, "geometry": {"type": "Point", "coordinates": [111.970002, 21.850409]}}, {"type": "Feature", "properties": {"name": "Qingyuan", "adm0_a3": "CHN", "pop_max": 706717}, "geometry": {"type": "Point", "coordinates": [113.030093, 23.7004]}}, {"type": "Feature", "properties": {"name": "Jiangmen", "adm0_a3": "CHN", "pop_max": 532419}, "geometry": {"type": "Point", "coordinates": [113.080012, 22.58039]}}, {"type": "Feature", "properties": {"name": "Bonn", "adm0_a3": "DEU", "pop_max": 680543}, "geometry": {"type": "Point", "coordinates": [7.080022, 50.720456]}}, {"type": "Feature", "properties": {"name": "Wiesbaden", "adm0_a3": "DEU", "pop_max": 617126}, "geometry": {"type": "Point", "coordinates": [8.250028, 50.080391]}}, {"type": "Feature", "properties": {"name": "Hanover", "adm0_a3": "DEU", "pop_max": 722490}, "geometry": {"type": "Point", "coordinates": [9.716657, 52.36697]}}, {"type": "Feature", "properties": {"name": "Leipzig", "adm0_a3": "DEU", "pop_max": 542529}, "geometry": {"type": "Point", "coordinates": [12.409981, 51.335405]}}, {"type": "Feature", "properties": {"name": "Turpan", "adm0_a3": "CHN", "pop_max": 651853}, "geometry": {"type": "Point", "coordinates": [89.165038, 42.935375]}}, {"type": "Feature", "properties": {"name": "Shuozhou", "adm0_a3": "CHN", "pop_max": 570000}, "geometry": {"type": "Point", "coordinates": [112.420001, 39.300378]}}, {"type": "Feature", "properties": {"name": "Jincheng", "adm0_a3": "CHN", "pop_max": 760000}, "geometry": {"type": "Point", "coordinates": [112.830002, 35.500377]}}, {"type": "Feature", "properties": {"name": "Changzhi", "adm0_a3": "CHN", "pop_max": 706000}, "geometry": {"type": "Point", "coordinates": [113.105282, 36.183875]}}, {"type": "Feature", "properties": {"name": "Zhanyi", "adm0_a3": "CHN", "pop_max": 652604}, "geometry": {"type": "Point", "coordinates": [103.81665, 25.600465]}}, {"type": "Feature", "properties": {"name": "Cangzhou", "adm0_a3": "CHN", "pop_max": 527681}, "geometry": {"type": "Point", "coordinates": [116.870013, 38.320386]}}, {"type": "Feature", "properties": {"name": "Xiangtai", "adm0_a3": "CHN", "pop_max": 611739}, "geometry": {"type": "Point", "coordinates": [114.500029, 37.049972]}}, {"type": "Feature", "properties": {"name": "Puyang", "adm0_a3": "CHN", "pop_max": 666322}, "geometry": {"type": "Point", "coordinates": [114.98, 35.700391]}}, {"type": "Feature", "properties": {"name": "Rizhao", "adm0_a3": "CHN", "pop_max": 865000}, "geometry": {"type": "Point", "coordinates": [119.450011, 35.430381]}}, {"type": "Feature", "properties": {"name": "Jian", "adm0_a3": "CHN", "pop_max": 520248}, "geometry": {"type": "Point", "coordinates": [114.999998, 27.130423]}}, {"type": "Feature", "properties": {"name": "Taizhou", "adm0_a3": "CHN", "pop_max": 612356}, "geometry": {"type": "Point", "coordinates": [119.900009, 32.490406]}}, {"type": "Feature", "properties": {"name": "Lianyungang", "adm0_a3": "CHN", "pop_max": 715600}, "geometry": {"type": "Point", "coordinates": [119.226193, 34.587014]}}, {"type": "Feature", "properties": {"name": "Shuangyashan", "adm0_a3": "CHN", "pop_max": 500000}, "geometry": {"type": "Point", "coordinates": [131.350008, 46.670419]}}, {"type": "Feature", "properties": {"name": "Tsu", "adm0_a3": "JPN", "pop_max": 500000}, "geometry": {"type": "Point", "coordinates": [136.51667, 34.717066]}}, {"type": "Feature", "properties": {"name": "Raurkela", "adm0_a3": "IND", "pop_max": 625831}, "geometry": {"type": "Point", "coordinates": [84.829954, 22.230412]}}, {"type": "Feature", "properties": {"name": "Shivamogga", "adm0_a3": "IND", "pop_max": 654055}, "geometry": {"type": "Point", "coordinates": [75.560028, 13.930376]}}, {"type": "Feature", "properties": {"name": "Sangli", "adm0_a3": "IND", "pop_max": 601214}, "geometry": {"type": "Point", "coordinates": [74.575024, 16.860404]}}, {"type": "Feature", "properties": {"name": "Malegaon", "adm0_a3": "IND", "pop_max": 690844}, "geometry": {"type": "Point", "coordinates": [74.525001, 20.560359]}}, {"type": "Feature", "properties": {"name": "Haifa", "adm0_a3": "ISR", "pop_max": 1011000}, "geometry": {"type": "Point", "coordinates": [34.978079, 32.822357]}}, {"type": "Feature", "properties": {"name": "Karbala", "adm0_a3": "IRQ", "pop_max": 510692}, "geometry": {"type": "Point", "coordinates": [44.024486, 32.61492]}}, {"type": "Feature", "properties": {"name": "Bikaner", "adm0_a3": "IND", "pop_max": 576015}, "geometry": {"type": "Point", "coordinates": [73.332243, 28.015083]}}, {"type": "Feature", "properties": {"name": "Jhansi", "adm0_a3": "IND", "pop_max": 826494}, "geometry": {"type": "Point", "coordinates": [78.557468, 25.452954]}}, {"type": "Feature", "properties": {"name": "Bareilly", "adm0_a3": "IND", "pop_max": 817000}, "geometry": {"type": "Point", "coordinates": [79.418054, 28.347333]}}, {"type": "Feature", "properties": {"name": "Dehra Dun", "adm0_a3": "IND", "pop_max": 714223}, "geometry": {"type": "Point", "coordinates": [78.050006, 30.320409]}}, {"type": "Feature", "properties": {"name": "Siliguri", "adm0_a3": "IND", "pop_max": 515574}, "geometry": {"type": "Point", "coordinates": [88.455004, 26.720422]}}, {"type": "Feature", "properties": {"name": "Bilaspur", "adm0_a3": "IND", "pop_max": 543454}, "geometry": {"type": "Point", "coordinates": [82.159987, 22.09042]}}, {"type": "Feature", "properties": {"name": "Ujjain", "adm0_a3": "IND", "pop_max": 513350}, "geometry": {"type": "Point", "coordinates": [75.79004, 23.190405]}}, {"type": "Feature", "properties": {"name": "Tirunelveli", "adm0_a3": "IND", "pop_max": 542200}, "geometry": {"type": "Point", "coordinates": [77.689976, 8.730409]}}, {"type": "Feature", "properties": {"name": "Tiruppur", "adm0_a3": "IND", "pop_max": 650000}, "geometry": {"type": "Point", "coordinates": [77.329998, 11.080421]}}, {"type": "Feature", "properties": {"name": "Bhavnagar", "adm0_a3": "IND", "pop_max": 554978}, "geometry": {"type": "Point", "coordinates": [72.129954, 21.778424]}}, {"type": "Feature", "properties": {"name": "Al Hillah", "adm0_a3": "IRQ", "pop_max": 594605}, "geometry": {"type": "Point", "coordinates": [44.421722, 32.472138]}}, {"type": "Feature", "properties": {"name": "Bucheon", "adm0_a3": "KOR", "pop_max": 866000}, "geometry": {"type": "Point", "coordinates": [126.78111, 37.500835]}}, {"type": "Feature", "properties": {"name": "Songnam", "adm0_a3": "KOR", "pop_max": 942000}, "geometry": {"type": "Point", "coordinates": [127.135832, 37.440557]}}, {"type": "Feature", "properties": {"name": "Goyang", "adm0_a3": "KOR", "pop_max": 903000}, "geometry": {"type": "Point", "coordinates": [126.835303, 37.654682]}}, {"type": "Feature", "properties": {"name": "Changhua", "adm0_a3": "TWN", "pop_max": 750000}, "geometry": {"type": "Point", "coordinates": [120.513409, 24.0734]}}, {"type": "Feature", "properties": {"name": "Chiayi", "adm0_a3": "TWN", "pop_max": 500000}, "geometry": {"type": "Point", "coordinates": [120.435067, 23.475452]}}, {"type": "Feature", "properties": {"name": "Hsinchu", "adm0_a3": "TWN", "pop_max": 750000}, "geometry": {"type": "Point", "coordinates": [120.976739, 24.816791]}}, {"type": "Feature", "properties": {"name": "Pingtung", "adm0_a3": "TWN", "pop_max": 503530}, "geometry": {"type": "Point", "coordinates": [120.481679, 22.681702]}}, {"type": "Feature", "properties": {"name": "Suwon", "adm0_a3": "KOR", "pop_max": 1078000}, "geometry": {"type": "Point", "coordinates": [127.008947, 37.259735]}}, {"type": "Feature", "properties": {"name": "Bahawalpur", "adm0_a3": "PAK", "pop_max": 552607}, "geometry": {"type": "Point", "coordinates": [71.674994, 29.389975]}}, {"type": "Feature", "properties": {"name": "Ulsan", "adm0_a3": "KOR", "pop_max": 1061000}, "geometry": {"type": "Point", "coordinates": [129.315008, 35.548677]}}, {"type": "Feature", "properties": {"name": "Xingyi", "adm0_a3": "CHN", "pop_max": 816000}, "geometry": {"type": "Point", "coordinates": [104.888075, 25.092364]}}, {"type": "Feature", "properties": {"name": "Anshun", "adm0_a3": "CHN", "pop_max": 849000}, "geometry": {"type": "Point", "coordinates": [105.928063, 26.252345]}}, {"type": "Feature", "properties": {"name": "Zunyi", "adm0_a3": "CHN", "pop_max": 849000}, "geometry": {"type": "Point", "coordinates": [106.918081, 27.701972]}}, {"type": "Feature", "properties": {"name": "Huaibei", "adm0_a3": "CHN", "pop_max": 913000}, "geometry": {"type": "Point", "coordinates": [116.748075, 33.952314]}}, {"type": "Feature", "properties": {"name": "Wuhu", "adm0_a3": "CHN", "pop_max": 810000}, "geometry": {"type": "Point", "coordinates": [118.368028, 31.352369]}}, {"type": "Feature", "properties": {"name": "Bengbu", "adm0_a3": "CHN", "pop_max": 894000}, "geometry": {"type": "Point", "coordinates": [117.328091, 32.951936]}}, {"type": "Feature", "properties": {"name": "Anqing", "adm0_a3": "CHN", "pop_max": 580497}, "geometry": {"type": "Point", "coordinates": [117.050002, 30.499959]}}, {"type": "Feature", "properties": {"name": "Foshan", "adm0_a3": "CHN", "pop_max": 943000}, "geometry": {"type": "Point", "coordinates": [113.113576, 23.010477]}}, {"type": "Feature", "properties": {"name": "Korla", "adm0_a3": "CHN", "pop_max": 613000}, "geometry": {"type": "Point", "coordinates": [86.150028, 41.729997]}}, {"type": "Feature", "properties": {"name": "Shihezi", "adm0_a3": "CHN", "pop_max": 640000}, "geometry": {"type": "Point", "coordinates": [86.029932, 44.299969]}}, {"type": "Feature", "properties": {"name": "Aksu", "adm0_a3": "CHN", "pop_max": 695000}, "geometry": {"type": "Point", "coordinates": [80.250026, 41.150006]}}, {"type": "Feature", "properties": {"name": "Baoji", "adm0_a3": "CHN", "pop_max": 800000}, "geometry": {"type": "Point", "coordinates": [107.149986, 34.380006]}}, {"type": "Feature", "properties": {"name": "Linfen", "adm0_a3": "CHN", "pop_max": 834000}, "geometry": {"type": "Point", "coordinates": [111.518058, 36.082287]}}, {"type": "Feature", "properties": {"name": "Yuci", "adm0_a3": "CHN", "pop_max": 840000}, "geometry": {"type": "Point", "coordinates": [112.728062, 37.682345]}}, {"type": "Feature", "properties": {"name": "Yichang", "adm0_a3": "CHN", "pop_max": 875000}, "geometry": {"type": "Point", "coordinates": [111.278073, 30.701918]}}, {"type": "Feature", "properties": {"name": "Huangshi", "adm0_a3": "CHN", "pop_max": 688090}, "geometry": {"type": "Point", "coordinates": [115.099992, 30.220002]}}, {"type": "Feature", "properties": {"name": "Yongzhou", "adm0_a3": "CHN", "pop_max": 1000000}, "geometry": {"type": "Point", "coordinates": [111.609135, 26.41792]}}, {"type": "Feature", "properties": {"name": "Yibin", "adm0_a3": "CHN", "pop_max": 902000}, "geometry": {"type": "Point", "coordinates": [104.568095, 28.771933]}}, {"type": "Feature", "properties": {"name": "Zhaotang", "adm0_a3": "CHN", "pop_max": 809000}, "geometry": {"type": "Point", "coordinates": [103.718069, 27.322331]}}, {"type": "Feature", "properties": {"name": "Qinhuangdao", "adm0_a3": "CHN", "pop_max": 1003000}, "geometry": {"type": "Point", "coordinates": [119.618081, 39.932311]}}, {"type": "Feature", "properties": {"name": "Langfang", "adm0_a3": "CHN", "pop_max": 810000}, "geometry": {"type": "Point", "coordinates": [116.678053, 39.52231]}}, {"type": "Feature", "properties": {"name": "Zhangjiakou", "adm0_a3": "CHN", "pop_max": 1046000}, "geometry": {"type": "Point", "coordinates": [114.852027, 40.805255]}}, {"type": "Feature", "properties": {"name": "Anyang", "adm0_a3": "CHN", "pop_max": 887000}, "geometry": {"type": "Point", "coordinates": [114.348066, 36.081926]}}, {"type": "Feature", "properties": {"name": "Jiaozuo", "adm0_a3": "CHN", "pop_max": 857000}, "geometry": {"type": "Point", "coordinates": [113.259553, 35.200691]}}, {"type": "Feature", "properties": {"name": "Kaifeng", "adm0_a3": "CHN", "pop_max": 872000}, "geometry": {"type": "Point", "coordinates": [114.354819, 34.793814]}}, {"type": "Feature", "properties": {"name": "Pingdingshan", "adm0_a3": "CHN", "pop_max": 849000}, "geometry": {"type": "Point", "coordinates": [113.298053, 33.732353]}}, {"type": "Feature", "properties": {"name": "Xinxiang", "adm0_a3": "CHN", "pop_max": 903000}, "geometry": {"type": "Point", "coordinates": [113.908926, 35.301575]}}, {"type": "Feature", "properties": {"name": "Liaoyang", "adm0_a3": "CHN", "pop_max": 794000}, "geometry": {"type": "Point", "coordinates": [123.17807, 41.281944]}}, {"type": "Feature", "properties": {"name": "Dandong", "adm0_a3": "CHN", "pop_max": 870000}, "geometry": {"type": "Point", "coordinates": [124.391639, 40.145554]}}, {"type": "Feature", "properties": {"name": "Yingkow", "adm0_a3": "CHN", "pop_max": 795000}, "geometry": {"type": "Point", "coordinates": [122.278073, 40.672292]}}, {"type": "Feature", "properties": {"name": "Jinzhou", "adm0_a3": "CHN", "pop_max": 956000}, "geometry": {"type": "Point", "coordinates": [121.098094, 41.122316]}}, {"type": "Feature", "properties": {"name": "Fuxin", "adm0_a3": "CHN", "pop_max": 770000}, "geometry": {"type": "Point", "coordinates": [121.658059, 42.012417]}}, {"type": "Feature", "properties": {"name": "Benxi", "adm0_a3": "CHN", "pop_max": 1012000}, "geometry": {"type": "Point", "coordinates": [123.748061, 41.332329]}}, {"type": "Feature", "properties": {"name": "Xinyu", "adm0_a3": "CHN", "pop_max": 913000}, "geometry": {"type": "Point", "coordinates": [114.928031, 27.801966]}}, {"type": "Feature", "properties": {"name": "Jiujiang", "adm0_a3": "CHN", "pop_max": 545616}, "geometry": {"type": "Point", "coordinates": [115.980042, 29.72998]}}, {"type": "Feature", "properties": {"name": "Zhenjiang", "adm0_a3": "CHN", "pop_max": 854000}, "geometry": {"type": "Point", "coordinates": [119.430481, 32.17573]}}, {"type": "Feature", "properties": {"name": "Nantong", "adm0_a3": "CHN", "pop_max": 947000}, "geometry": {"type": "Point", "coordinates": [120.924587, 31.982269]}}, {"type": "Feature", "properties": {"name": "Jiaxing", "adm0_a3": "CHN", "pop_max": 988000}, "geometry": {"type": "Point", "coordinates": [120.748037, 30.772353]}}, {"type": "Feature", "properties": {"name": "Shaoxing", "adm0_a3": "CHN", "pop_max": 777000}, "geometry": {"type": "Point", "coordinates": [120.5681, 30.002323]}}, {"type": "Feature", "properties": {"name": "Liaoyuan", "adm0_a3": "CHN", "pop_max": 506548}, "geometry": {"type": "Point", "coordinates": [125.129974, 42.899977]}}, {"type": "Feature", "properties": {"name": "Siping", "adm0_a3": "CHN", "pop_max": 555609}, "geometry": {"type": "Point", "coordinates": [124.330023, 43.170012]}}, {"type": "Feature", "properties": {"name": "Kagoshima", "adm0_a3": "JPN", "pop_max": 555352}, "geometry": {"type": "Point", "coordinates": [130.561064, 31.585965]}}, {"type": "Feature", "properties": {"name": "Matsuyama", "adm0_a3": "JPN", "pop_max": 533541}, "geometry": {"type": "Point", "coordinates": [132.765839, 33.845543]}}, {"type": "Feature", "properties": {"name": "Yichun", "adm0_a3": "CHN", "pop_max": 777000}, "geometry": {"type": "Point", "coordinates": [128.898031, 47.701888]}}, {"type": "Feature", "properties": {"name": "Hegang", "adm0_a3": "CHN", "pop_max": 743307}, "geometry": {"type": "Point", "coordinates": [130.296732, 47.346627]}}, {"type": "Feature", "properties": {"name": "Kanazawa", "adm0_a3": "JPN", "pop_max": 551249}, "geometry": {"type": "Point", "coordinates": [136.640021, 36.560002]}}, {"type": "Feature", "properties": {"name": "Niigata", "adm0_a3": "JPN", "pop_max": 569797}, "geometry": {"type": "Point", "coordinates": [139.04003, 37.919997]}}, {"type": "Feature", "properties": {"name": "Bhiwandi", "adm0_a3": "IND", "pop_max": 795000}, "geometry": {"type": "Point", "coordinates": [73.12805, 19.351965]}}, {"type": "Feature", "properties": {"name": "Chandrapur", "adm0_a3": "IND", "pop_max": 595118}, "geometry": {"type": "Point", "coordinates": [79.300007, 19.969981]}}, {"type": "Feature", "properties": {"name": "Amravati", "adm0_a3": "IND", "pop_max": 734451}, "geometry": {"type": "Point", "coordinates": [77.78181, 20.925616]}}, {"type": "Feature", "properties": {"name": "Gorakhpur", "adm0_a3": "IND", "pop_max": 674246}, "geometry": {"type": "Point", "coordinates": [83.380016, 26.750394]}}, {"type": "Feature", "properties": {"name": "Kota Baharu", "adm0_a3": "MYS", "pop_max": 505583}, "geometry": {"type": "Point", "coordinates": [102.229977, 6.119974]}}, {"type": "Feature", "properties": {"name": "Xuanzhou", "adm0_a3": "CHN", "pop_max": 866000}, "geometry": {"type": "Point", "coordinates": [118.753332, 30.954446]}}, {"type": "Feature", "properties": {"name": "Zhuhai", "adm0_a3": "CHN", "pop_max": 1023000}, "geometry": {"type": "Point", "coordinates": [113.565832, 22.27889]}}, {"type": "Feature", "properties": {"name": "Kota Kinabalu", "adm0_a3": "MYS", "pop_max": 527671}, "geometry": {"type": "Point", "coordinates": [116.110008, 5.979983]}}, {"type": "Feature", "properties": {"name": "El Minya", "adm0_a3": "EGY", "pop_max": 500000}, "geometry": {"type": "Point", "coordinates": [30.749999, 28.090003]}}, {"type": "Feature", "properties": {"name": "Xiangyang", "adm0_a3": "CHN", "pop_max": 1069000}, "geometry": {"type": "Point", "coordinates": [112.128098, 32.021941]}}, {"type": "Feature", "properties": {"name": "Lingyuan", "adm0_a3": "CHN", "pop_max": 806000}, "geometry": {"type": "Point", "coordinates": [119.399165, 41.241946]}}, {"type": "Feature", "properties": {"name": "Weihai", "adm0_a3": "CHN", "pop_max": 560255}, "geometry": {"type": "Point", "coordinates": [122.099978, 37.499971]}}, {"type": "Feature", "properties": {"name": "Yichun", "adm0_a3": "CHN", "pop_max": 982000}, "geometry": {"type": "Point", "coordinates": [114.398054, 27.835279]}}, {"type": "Feature", "properties": {"name": "Yancheng", "adm0_a3": "CHN", "pop_max": 839000}, "geometry": {"type": "Point", "coordinates": [120.16752, 33.337877]}}, {"type": "Feature", "properties": {"name": "Fuyang", "adm0_a3": "CHN", "pop_max": 771000}, "geometry": {"type": "Point", "coordinates": [119.949999, 30.055279]}}, {"type": "Feature", "properties": {"name": "Nellore", "adm0_a3": "IND", "pop_max": 678004}, "geometry": {"type": "Point", "coordinates": [79.989939, 14.439983]}}, {"type": "Feature", "properties": {"name": "Guntur", "adm0_a3": "IND", "pop_max": 530577}, "geometry": {"type": "Point", "coordinates": [80.450014, 16.329997]}}, {"type": "Feature", "properties": {"name": "Davangere", "adm0_a3": "IND", "pop_max": 503564}, "geometry": {"type": "Point", "coordinates": [75.920006, 14.470007]}}, {"type": "Feature", "properties": {"name": "Belagavi", "adm0_a3": "IND", "pop_max": 608756}, "geometry": {"type": "Point", "coordinates": [74.505002, 15.865012]}}, {"type": "Feature", "properties": {"name": "\u1e6car\u0101bulus", "adm0_a3": "LBN", "pop_max": 530000}, "geometry": {"type": "Point", "coordinates": [35.831661, 34.438267]}}, {"type": "Feature", "properties": {"name": "Jammu", "adm0_a3": "IND", "pop_max": 791000}, "geometry": {"type": "Point", "coordinates": [74.844793, 32.713733]}}, {"type": "Feature", "properties": {"name": "Jullundur", "adm0_a3": "IND", "pop_max": 855000}, "geometry": {"type": "Point", "coordinates": [75.567074, 31.336866]}}, {"type": "Feature", "properties": {"name": "Moradabad", "adm0_a3": "IND", "pop_max": 787000}, "geometry": {"type": "Point", "coordinates": [78.754838, 28.843737]}}, {"type": "Feature", "properties": {"name": "Aligarh", "adm0_a3": "IND", "pop_max": 805000}, "geometry": {"type": "Point", "coordinates": [78.059842, 27.894157]}}, {"type": "Feature", "properties": {"name": "Tabuk", "adm0_a3": "SAU", "pop_max": 547957}, "geometry": {"type": "Point", "coordinates": [36.554967, 28.383835]}}, {"type": "Feature", "properties": {"name": "Quetta", "adm0_a3": "PAK", "pop_max": 768000}, "geometry": {"type": "Point", "coordinates": [67.023048, 30.221947]}}, {"type": "Feature", "properties": {"name": "Shaoguan", "adm0_a3": "CHN", "pop_max": 720266}, "geometry": {"type": "Point", "coordinates": [113.579982, 24.799971]}}, {"type": "Feature", "properties": {"name": "Dresden", "adm0_a3": "DEU", "pop_max": 617515}, "geometry": {"type": "Point", "coordinates": [13.750003, 51.049971]}}, {"type": "Feature", "properties": {"name": "Shache", "adm0_a3": "CHN", "pop_max": 851374}, "geometry": {"type": "Point", "coordinates": [77.250003, 38.426142]}}, {"type": "Feature", "properties": {"name": "Yining", "adm0_a3": "CHN", "pop_max": 542507}, "geometry": {"type": "Point", "coordinates": [81.350011, 43.900019]}}, {"type": "Feature", "properties": {"name": "Yueyang", "adm0_a3": "CHN", "pop_max": 826000}, "geometry": {"type": "Point", "coordinates": [113.098065, 29.381999]}}, {"type": "Feature", "properties": {"name": "Hengyang", "adm0_a3": "CHN", "pop_max": 1016000}, "geometry": {"type": "Point", "coordinates": [112.58807, 26.881971]}}, {"type": "Feature", "properties": {"name": "Baoshan", "adm0_a3": "CHN", "pop_max": 1000000}, "geometry": {"type": "Point", "coordinates": [99.15001, 25.119977]}}, {"type": "Feature", "properties": {"name": "Tongliao", "adm0_a3": "CHN", "pop_max": 884000}, "geometry": {"type": "Point", "coordinates": [122.268048, 43.621905]}}, {"type": "Feature", "properties": {"name": "Jiamusi", "adm0_a3": "CHN", "pop_max": 1020000}, "geometry": {"type": "Point", "coordinates": [130.348072, 46.831967]}}, {"type": "Feature", "properties": {"name": "Jixi", "adm0_a3": "CHN", "pop_max": 965000}, "geometry": {"type": "Point", "coordinates": [130.968085, 45.301906]}}, {"type": "Feature", "properties": {"name": "Nagano", "adm0_a3": "JPN", "pop_max": 594311}, "geometry": {"type": "Point", "coordinates": [138.170005, 36.649997]}}, {"type": "Feature", "properties": {"name": "Cuttack", "adm0_a3": "IND", "pop_max": 580000}, "geometry": {"type": "Point", "coordinates": [85.889941, 20.470002]}}, {"type": "Feature", "properties": {"name": "Mangaluru", "adm0_a3": "IND", "pop_max": 776632}, "geometry": {"type": "Point", "coordinates": [74.849994, 12.900025]}}, {"type": "Feature", "properties": {"name": "Mysuru", "adm0_a3": "IND", "pop_max": 887000}, "geometry": {"type": "Point", "coordinates": [76.658067, 12.31193]}}, {"type": "Feature", "properties": {"name": "Kolhapur", "adm0_a3": "IND", "pop_max": 750000}, "geometry": {"type": "Point", "coordinates": [74.220007, 16.7]}}, {"type": "Feature", "properties": {"name": "Nanded", "adm0_a3": "IND", "pop_max": 623708}, "geometry": {"type": "Point", "coordinates": [77.308337, 19.197259]}}, {"type": "Feature", "properties": {"name": "Akola", "adm0_a3": "IND", "pop_max": 503502}, "geometry": {"type": "Point", "coordinates": [77.010018, 20.709988]}}, {"type": "Feature", "properties": {"name": "Kirkuk", "adm0_a3": "IRQ", "pop_max": 601433}, "geometry": {"type": "Point", "coordinates": [44.392267, 35.472239]}}, {"type": "Feature", "properties": {"name": "Najaf", "adm0_a3": "IRQ", "pop_max": 665552}, "geometry": {"type": "Point", "coordinates": [44.335371, 32.000332]}}, {"type": "Feature", "properties": {"name": "Kota", "adm0_a3": "IND", "pop_max": 827000}, "geometry": {"type": "Point", "coordinates": [75.833053, 25.181945]}}, {"type": "Feature", "properties": {"name": "Raipur", "adm0_a3": "IND", "pop_max": 875000}, "geometry": {"type": "Point", "coordinates": [81.633061, 21.23694]}}, {"type": "Feature", "properties": {"name": "Salem", "adm0_a3": "IND", "pop_max": 873000}, "geometry": {"type": "Point", "coordinates": [78.178129, 11.671943]}}, {"type": "Feature", "properties": {"name": "Bhubaneswar", "adm0_a3": "IND", "pop_max": 844000}, "geometry": {"type": "Point", "coordinates": [85.825414, 20.272374]}}, {"type": "Feature", "properties": {"name": "Abu Dhabi", "adm0_a3": "ARE", "pop_max": 603492}, "geometry": {"type": "Point", "coordinates": [54.366593, 24.466684]}}, {"type": "Feature", "properties": {"name": "Islamabad", "adm0_a3": "PAK", "pop_max": 780000}, "geometry": {"type": "Point", "coordinates": [73.08063, 33.689368]}}, {"type": "Feature", "properties": {"name": "Enugu", "adm0_a3": "NGA", "pop_max": 688862}, "geometry": {"type": "Point", "coordinates": [7.499997, 6.450031]}}, {"type": "Feature", "properties": {"name": "Xining", "adm0_a3": "CHN", "pop_max": 1048000}, "geometry": {"type": "Point", "coordinates": [101.768059, 36.621944]}}, {"type": "Feature", "properties": {"name": "Guilin", "adm0_a3": "CHN", "pop_max": 987000}, "geometry": {"type": "Point", "coordinates": [110.278082, 25.281939]}}, {"type": "Feature", "properties": {"name": "Hami", "adm0_a3": "CHN", "pop_max": 580000}, "geometry": {"type": "Point", "coordinates": [93.515005, 42.826984]}}, {"type": "Feature", "properties": {"name": "Kashgar", "adm0_a3": "CHN", "pop_max": 506640}, "geometry": {"type": "Point", "coordinates": [75.969926, 39.476336]}}, {"type": "Feature", "properties": {"name": "Yinchuan", "adm0_a3": "CHN", "pop_max": 991000}, "geometry": {"type": "Point", "coordinates": [106.271092, 38.46992]}}, {"type": "Feature", "properties": {"name": "Pingxiang", "adm0_a3": "CHN", "pop_max": 961000}, "geometry": {"type": "Point", "coordinates": [113.848097, 27.621951]}}, {"type": "Feature", "properties": {"name": "Jerusalem", "adm0_a3": "ISR", "pop_max": 1029300}, "geometry": {"type": "Point", "coordinates": [35.206626, 31.778408]}}]}